regionId,regionName,date,percent 
95,Алтайский край,2001-01-01T00:00:00,122.6000
95,Алтайский край,2001-04-01T00:00:00,108.5000
95,Алтайский край,2001-07-01T00:00:00,111.6000
95,Алтайский край,2001-10-01T00:00:00,115.4000
95,Алтайский край,2002-01-01T00:00:00,119.4000
95,Алтайский край,2002-04-01T00:00:00,104.3000
95,Алтайский край,2002-07-01T00:00:00,107.4000
95,Алтайский край,2003-10-01T00:00:00,109.1000
95,Алтайский край,2004-04-01T00:00:00,102.5000
95,Алтайский край,2004-07-01T00:00:00,104.5000
95,Алтайский край,2005-04-01T00:00:00,107.3000
95,Алтайский край,2006-01-01T00:00:00,113.6000
95,Алтайский край,2006-04-01T00:00:00,103.3000
95,Алтайский край,2005-10-01T00:00:00,111.4000
95,Алтайский край,2005-07-01T00:00:00,109.4000
95,Алтайский край,2005-01-01T00:00:00,112.9000
95,Алтайский край,2004-10-01T00:00:00,108.5000
95,Алтайский край,2002-10-01T00:00:00,108.5000
95,Алтайский край,2004-01-01T00:00:00,112.8000
95,Алтайский край,2003-04-01T00:00:00,105.4000
95,Алтайский край,2003-07-01T00:00:00,109.0000
95,Алтайский край,2003-01-01T00:00:00,113.1000
81,Амурская область,2001-01-01T00:00:00,118.0000
81,Амурская область,2001-04-01T00:00:00,104.9000
81,Амурская область,2001-07-01T00:00:00,107.9000
81,Амурская область,2001-10-01T00:00:00,111.2000
81,Амурская область,2002-01-01T00:00:00,119.7000
81,Амурская область,2002-04-01T00:00:00,104.9000
81,Амурская область,2002-07-01T00:00:00,106.8000
81,Амурская область,2003-01-01T00:00:00,112.4000
81,Амурская область,2003-10-01T00:00:00,110.7000
81,Амурская область,2004-04-01T00:00:00,105.2000
81,Амурская область,2005-04-01T00:00:00,106.5000
81,Амурская область,2006-01-01T00:00:00,113.2000
81,Амурская область,2005-10-01T00:00:00,110.5000
81,Амурская область,2005-07-01T00:00:00,109.0000
81,Амурская область,2005-01-01T00:00:00,112.6000
81,Амурская область,2004-10-01T00:00:00,109.7000
81,Амурская область,2004-01-01T00:00:00,115.5000
81,Амурская область,2003-07-01T00:00:00,108.4000
81,Амурская область,2003-04-01T00:00:00,105.8000
81,Амурская область,2002-10-01T00:00:00,108.6000
12,Архангельская область,2001-01-01T00:00:00,121.0000
12,Архангельская область,2001-04-01T00:00:00,106.4000
12,Архангельская область,2001-07-01T00:00:00,113.0000
12,Архангельская область,2001-10-01T00:00:00,115.8000
12,Архангельская область,2002-01-01T00:00:00,119.6000
12,Архангельская область,2002-04-01T00:00:00,106.9000
12,Архангельская область,2002-07-01T00:00:00,109.7000
12,Архангельская область,2003-01-01T00:00:00,116.1000
12,Архангельская область,2003-10-01T00:00:00,108.4000
12,Архангельская область,2004-04-01T00:00:00,103.8000
12,Архангельская область,2005-01-01T00:00:00,112.5000
12,Архангельская область,2005-04-01T00:00:00,104.1000
12,Архангельская область,2005-07-01T00:00:00,105.9000
12,Архангельская область,2005-10-01T00:00:00,107.3000
12,Архангельская область,2006-01-01T00:00:00,109.7000
12,Архангельская область,2006-04-01T00:00:00,104.1000
12,Архангельская область,2004-10-01T00:00:00,108.0000
12,Архангельская область,2003-07-01T00:00:00,106.3000
12,Архангельская область,2003-04-01T00:00:00,104.9000
12,Архангельская область,2002-10-01T00:00:00,110.8000
12,Архангельская область,2004-07-01T00:00:00,105.8000
12,Архангельская область,2004-01-01T00:00:00,112.7000
64,Астраханская область,2001-01-01T00:00:00,116.6000
64,Астраханская область,2001-04-01T00:00:00,107.1000
64,Астраханская область,2001-07-01T00:00:00,116.7000
64,Астраханская область,2001-10-01T00:00:00,116.2000
64,Астраханская область,2002-01-01T00:00:00,121.6000
64,Астраханская область,2002-04-01T00:00:00,105.2000
64,Астраханская область,2002-07-01T00:00:00,108.9000
64,Астраханская область,2003-01-01T00:00:00,114.5000
64,Астраханская область,2003-07-01T00:00:00,110.8000
64,Астраханская область,2004-01-01T00:00:00,114.1000
64,Астраханская область,2004-04-01T00:00:00,103.2000
64,Астраханская область,2004-07-01T00:00:00,105.8000
64,Астраханская область,2005-04-01T00:00:00,106.2000
64,Астраханская область,2005-07-01T00:00:00,110.7000
64,Астраханская область,2005-10-01T00:00:00,112.1000
64,Астраханская область,2006-01-01T00:00:00,114.3000
64,Астраханская область,2006-04-01T00:00:00,106.5000
64,Астраханская область,2003-10-01T00:00:00,110.9000
64,Астраханская область,2005-01-01T00:00:00,111.2000
64,Астраханская область,2004-10-01T00:00:00,107.8000
64,Астраханская область,2003-04-01T00:00:00,106.0000
64,Астраханская область,2002-10-01T00:00:00,110.5000
30,Белгородская область,2001-01-01T00:00:00,120.9000
30,Белгородская область,2001-04-01T00:00:00,109.4000
30,Белгородская область,2001-07-01T00:00:00,117.0000
30,Белгородская область,2001-10-01T00:00:00,116.1000
30,Белгородская область,2002-01-01T00:00:00,119.2000
30,Белгородская область,2002-04-01T00:00:00,101.0000
30,Белгородская область,2002-07-01T00:00:00,112.0000
30,Белгородская область,2002-10-01T00:00:00,112.9000
30,Белгородская область,2003-01-01T00:00:00,116.4000
30,Белгородская область,2003-04-01T00:00:00,104.5000
30,Белгородская область,2003-07-01T00:00:00,106.4000
30,Белгородская область,2003-10-01T00:00:00,108.2000
30,Белгородская область,2004-01-01T00:00:00,112.0000
30,Белгородская область,2004-04-01T00:00:00,102.9000
30,Белгородская область,2004-07-01T00:00:00,105.4000
30,Белгородская область,2004-10-01T00:00:00,107.8000
30,Белгородская область,2005-01-01T00:00:00,101.1000
30,Белгородская область,2005-04-01T00:00:00,104.5000
30,Белгородская область,2005-07-01T00:00:00,109.9000
30,Белгородская область,2005-10-01T00:00:00,110.9000
46,Брянская область,2001-01-01T00:00:00,118.6000
46,Брянская область,2001-04-01T00:00:00,106.9000
46,Брянская область,2001-07-01T00:00:00,112.7000
46,Брянская область,2001-10-01T00:00:00,113.5000
46,Брянская область,2002-01-01T00:00:00,117.3000
46,Брянская область,2002-04-01T00:00:00,106.6000
46,Брянская область,2002-07-01T00:00:00,109.2000
46,Брянская область,2002-10-01T00:00:00,111.0000
46,Брянская область,2003-01-01T00:00:00,116.9000
46,Брянская область,2003-04-01T00:00:00,105.5000
46,Брянская область,2003-07-01T00:00:00,108.3000
46,Брянская область,2003-10-01T00:00:00,108.9000
46,Брянская область,2004-01-01T00:00:00,112.9000
46,Брянская область,2004-04-01T00:00:00,104.3000
46,Брянская область,2004-07-01T00:00:00,107.2000
46,Брянская область,2004-10-01T00:00:00,109.4000
46,Брянская область,2005-01-01T00:00:00,112.9000
46,Брянская область,2005-04-01T00:00:00,103.9000
46,Брянская область,2005-07-01T00:00:00,107.9000
46,Брянская область,2005-10-01T00:00:00,109.3000
46,Брянская область,2006-01-01T00:00:00,111.9000
46,Брянская область,2006-04-01T00:00:00,105.6000
5,Владимирская область,2001-01-01T00:00:00,118.1000
5,Владимирская область,2001-04-01T00:00:00,106.9000
5,Владимирская область,2001-07-01T00:00:00,113.6000
5,Владимирская область,2001-10-01T00:00:00,115.5000
5,Владимирская область,2002-01-01T00:00:00,120.5000
5,Владимирская область,2002-04-01T00:00:00,103.9000
5,Владимирская область,2002-07-01T00:00:00,107.0000
5,Владимирская область,2002-10-01T00:00:00,108.2000
5,Владимирская область,2003-01-01T00:00:00,113.8000
5,Владимирская область,2003-04-01T00:00:00,105.7000
5,Владимирская область,2003-07-01T00:00:00,109.8000
5,Владимирская область,2003-10-01T00:00:00,111.1000
5,Владимирская область,2004-01-01T00:00:00,115.3000
5,Владимирская область,2004-04-01T00:00:00,105.6000
5,Владимирская область,2004-07-01T00:00:00,106.4000
5,Владимирская область,2004-10-01T00:00:00,109.0000
5,Владимирская область,2005-01-01T00:00:00,113.5000
5,Владимирская область,2005-07-01T00:00:00,109.0000
5,Владимирская область,2005-10-01T00:00:00,108.8000
5,Владимирская область,2006-01-01T00:00:00,110.9000
6,Волгоградская область,2001-01-01T00:00:00,119.2000
6,Волгоградская область,2001-04-01T00:00:00,110.2000
6,Волгоградская область,2001-07-01T00:00:00,115.1000
6,Волгоградская область,2001-10-01T00:00:00,114.1000
6,Волгоградская область,2002-01-01T00:00:00,120.6000
6,Волгоградская область,2002-04-01T00:00:00,109.0000
6,Волгоградская область,2002-07-01T00:00:00,113.6000
6,Волгоградская область,2002-10-01T00:00:00,111.3000
6,Волгоградская область,2003-01-01T00:00:00,117.0000
6,Волгоградская область,2003-04-01T00:00:00,105.6000
6,Волгоградская область,2003-07-01T00:00:00,106.6000
6,Волгоградская область,2003-10-01T00:00:00,107.0000
6,Волгоградская область,2004-01-01T00:00:00,110.0000
6,Волгоградская область,2004-04-01T00:00:00,104.4000
6,Волгоградская область,2004-07-01T00:00:00,106.7000
6,Волгоградская область,2004-10-01T00:00:00,107.8000
6,Волгоградская область,2005-01-01T00:00:00,111.1000
6,Волгоградская область,2005-04-01T00:00:00,109.5000
6,Волгоградская область,2005-07-01T00:00:00,112.3000
6,Волгоградская область,2005-10-01T00:00:00,111.3000
6,Волгоградская область,2006-01-01T00:00:00,114.7000
6,Волгоградская область,2006-04-01T00:00:00,105.8000
20,Вологодская область,2001-01-01T00:00:00,119.7000
20,Вологодская область,2001-04-01T00:00:00,105.1000
20,Вологодская область,2001-07-01T00:00:00,109.5000
20,Вологодская область,2001-10-01T00:00:00,111.5000
20,Вологодская область,2002-01-01T00:00:00,115.4000
20,Вологодская область,2002-04-01T00:00:00,105.9000
20,Вологодская область,2002-07-01T00:00:00,108.2000
20,Вологодская область,2002-10-01T00:00:00,110.1000
20,Вологодская область,2003-01-01T00:00:00,113.1000
20,Вологодская область,2003-04-01T00:00:00,105.8000
20,Вологодская область,2003-07-01T00:00:00,108.3000
20,Вологодская область,2003-10-01T00:00:00,110.0000
20,Вологодская область,2004-01-01T00:00:00,113.1000
20,Вологодская область,2004-04-01T00:00:00,102.6000
20,Вологодская область,2004-07-01T00:00:00,106.2000
20,Вологодская область,2004-10-01T00:00:00,108.5000
20,Вологодская область,2005-01-01T00:00:00,111.8000
20,Вологодская область,2005-04-01T00:00:00,104.8000
20,Вологодская область,2005-07-01T00:00:00,106.9000
20,Вологодская область,2005-10-01T00:00:00,100.8000
20,Вологодская область,2006-01-01T00:00:00,111.3000
20,Вологодская область,2006-04-01T00:00:00,105.4000
16,Воронежская область,2001-01-01T00:00:00,122.7000
16,Воронежская область,2001-04-01T00:00:00,104.9000
16,Воронежская область,2001-07-01T00:00:00,110.1000
16,Воронежская область,2001-10-01T00:00:00,112.9000
16,Воронежская область,2002-01-01T00:00:00,117.1000
16,Воронежская область,2002-04-01T00:00:00,106.2000
16,Воронежская область,2002-07-01T00:00:00,107.4000
16,Воронежская область,2002-10-01T00:00:00,110.9000
16,Воронежская область,2003-01-01T00:00:00,114.2000
16,Воронежская область,2003-04-01T00:00:00,104.0000
16,Воронежская область,2003-07-01T00:00:00,107.2000
16,Воронежская область,2003-10-01T00:00:00,107.7000
16,Воронежская область,2004-01-01T00:00:00,111.7000
16,Воронежская область,2004-04-01T00:00:00,102.4000
16,Воронежская область,2004-07-01T00:00:00,106.7000
16,Воронежская область,2004-10-01T00:00:00,108.7000
16,Воронежская область,2005-01-01T00:00:00,113.7000
16,Воронежская область,2005-04-01T00:00:00,104.1000
16,Воронежская область,2005-07-01T00:00:00,106.8000
16,Воронежская область,2005-10-01T00:00:00,107.1000
16,Воронежская область,2006-01-01T00:00:00,109.7000
16,Воронежская область,2006-04-01T00:00:00,106.2000
23,г.Москва,2001-01-01T00:00:00,122.1000
23,г.Москва,2001-04-01T00:00:00,106.2000
23,г.Москва,2001-07-01T00:00:00,113.2000
23,г.Москва,2001-10-01T00:00:00,116.3000
23,г.Москва,2002-01-01T00:00:00,120.4000
23,г.Москва,2002-04-01T00:00:00,107.5000
23,г.Москва,2002-07-01T00:00:00,111.3000
23,г.Москва,2002-10-01T00:00:00,112.3000
23,г.Москва,2003-01-01T00:00:00,117.2000
23,г.Москва,2003-04-01T00:00:00,103.9000
23,г.Москва,2003-07-01T00:00:00,108.7000
23,г.Москва,2003-10-01T00:00:00,108.5000
23,г.Москва,2004-01-01T00:00:00,110.4000
23,г.Москва,2004-04-01T00:00:00,103.4000
23,г.Москва,2004-07-01T00:00:00,106.5000
23,г.Москва,2004-10-01T00:00:00,108.4000
23,г.Москва,2005-01-01T00:00:00,111.5000
23,г.Москва,2005-04-01T00:00:00,105.6000
23,г.Москва,2005-07-01T00:00:00,108.1000
23,г.Москва,2005-10-01T00:00:00,108.1000
23,г.Москва,2006-01-01T00:00:00,110.4000
23,г.Москва,2006-04-01T00:00:00,105.1000
7,г.Санкт-Петербург,2001-01-01T00:00:00,107.4000
7,г.Санкт-Петербург,2001-04-01T00:00:00,107.4000
7,г.Санкт-Петербург,2001-07-01T00:00:00,113.6000
7,г.Санкт-Петербург,2001-10-01T00:00:00,113.8000
7,г.Санкт-Петербург,2002-01-01T00:00:00,118.1000
7,г.Санкт-Петербург,2002-04-01T00:00:00,106.9000
7,г.Санкт-Петербург,2002-07-01T00:00:00,110.2000
7,г.Санкт-Петербург,2002-10-01T00:00:00,110.4000
7,г.Санкт-Петербург,2003-01-01T00:00:00,114.7000
7,г.Санкт-Петербург,2003-04-01T00:00:00,106.1000
7,г.Санкт-Петербург,2003-07-01T00:00:00,109.3000
7,г.Санкт-Петербург,2003-10-01T00:00:00,109.3000
7,г.Санкт-Петербург,2004-01-01T00:00:00,112.2000
7,г.Санкт-Петербург,2004-04-01T00:00:00,103.8000
7,г.Санкт-Петербург,2004-07-01T00:00:00,105.6000
7,г.Санкт-Петербург,2004-10-01T00:00:00,108.9000
7,г.Санкт-Петербург,2005-01-01T00:00:00,112.7000
7,г.Санкт-Петербург,2005-04-01T00:00:00,106.3000
7,г.Санкт-Петербург,2005-07-01T00:00:00,108.8000
7,г.Санкт-Петербург,2005-10-01T00:00:00,109.7000
7,г.Санкт-Петербург,2006-01-01T00:00:00,112.0000
97,Еврейская автономная область,2001-01-01T00:00:00,116.9000
97,Еврейская автономная область,2001-04-01T00:00:00,106.3000
97,Еврейская автономная область,2001-07-01T00:00:00,109.1000
97,Еврейская автономная область,2001-10-01T00:00:00,114.6000
97,Еврейская автономная область,2002-01-01T00:00:00,119.0000
97,Еврейская автономная область,2002-04-01T00:00:00,106.3000
97,Еврейская автономная область,2002-07-01T00:00:00,110.4000
97,Еврейская автономная область,2002-10-01T00:00:00,112.7000
97,Еврейская автономная область,2003-01-01T00:00:00,119.9000
97,Еврейская автономная область,2003-04-01T00:00:00,104.4000
97,Еврейская автономная область,2003-07-01T00:00:00,107.0000
97,Еврейская автономная область,2003-10-01T00:00:00,109.2000
97,Еврейская автономная область,2004-01-01T00:00:00,114.5000
97,Еврейская автономная область,2004-04-01T00:00:00,103.8000
97,Еврейская автономная область,2004-07-01T00:00:00,106.8000
97,Еврейская автономная область,2004-10-01T00:00:00,108.9000
97,Еврейская автономная область,2005-01-01T00:00:00,112.1000
97,Еврейская автономная область,2005-04-01T00:00:00,107.2000
97,Еврейская автономная область,2005-07-01T00:00:00,109.9000
97,Еврейская автономная область,2005-10-01T00:00:00,112.4000
97,Еврейская автономная область,2006-01-01T00:00:00,114.5000
88,Забайкальский край,2001-01-01T00:00:00,117.5000
88,Забайкальский край,2001-04-01T00:00:00,105.1000
88,Забайкальский край,2001-07-01T00:00:00,111.2000
88,Забайкальский край,2001-10-01T00:00:00,114.9000
88,Забайкальский край,2002-01-01T00:00:00,119.3000
88,Забайкальский край,2002-04-01T00:00:00,106.9000
88,Забайкальский край,2002-07-01T00:00:00,109.3000
88,Забайкальский край,2003-10-01T00:00:00,110.5000
88,Забайкальский край,2004-04-01T00:00:00,103.1000
88,Забайкальский край,2004-07-01T00:00:00,105.4000
88,Забайкальский край,2005-04-01T00:00:00,104.4000
88,Забайкальский край,2006-01-01T00:00:00,110.9000
88,Забайкальский край,2005-10-01T00:00:00,100.4000
88,Забайкальский край,2005-07-01T00:00:00,107.7000
88,Забайкальский край,2005-01-01T00:00:00,110.4000
88,Забайкальский край,2004-10-01T00:00:00,108.1000
88,Забайкальский край,2004-01-01T00:00:00,113.3000
88,Забайкальский край,2003-01-01T00:00:00,115.5000
88,Забайкальский край,2002-10-01T00:00:00,111.3000
88,Забайкальский край,2006-04-01T00:00:00,104.1300
88,Забайкальский край,2003-07-01T00:00:00,100.1000
88,Забайкальский край,2003-04-01T00:00:00,105.7000
28,Ивановская область,2001-01-01T00:00:00,116.6000
28,Ивановская область,2001-04-01T00:00:00,107.8000
28,Ивановская область,2001-07-01T00:00:00,114.1000
28,Ивановская область,2001-10-01T00:00:00,113.4000
28,Ивановская область,2002-01-01T00:00:00,119.9000
28,Ивановская область,2002-04-01T00:00:00,104.9000
28,Ивановская область,2002-07-01T00:00:00,108.7000
28,Ивановская область,2003-01-01T00:00:00,115.6000
28,Ивановская область,2003-04-01T00:00:00,106.2000
28,Ивановская область,2003-07-01T00:00:00,108.4000
28,Ивановская область,2003-10-01T00:00:00,109.2000
28,Ивановская область,2004-04-01T00:00:00,105.8000
28,Ивановская область,2004-07-01T00:00:00,106.8000
28,Ивановская область,2004-10-01T00:00:00,107.4000
28,Ивановская область,2005-01-01T00:00:00,112.0000
28,Ивановская область,2005-04-01T00:00:00,105.8000
28,Ивановская область,2005-07-01T00:00:00,107.9000
28,Ивановская область,2005-10-01T00:00:00,107.1000
28,Ивановская область,2006-01-01T00:00:00,108.7000
28,Ивановская область,2006-04-01T00:00:00,107.1000
28,Ивановская область,2004-01-01T00:00:00,114.7000
28,Ивановская область,2002-10-01T00:00:00,110.0000
92,Иркутская область,2001-01-01T00:00:00,121.8000
92,Иркутская область,2001-04-01T00:00:00,105.7000
92,Иркутская область,2001-07-01T00:00:00,109.5000
92,Иркутская область,2001-10-01T00:00:00,111.2000
92,Иркутская область,2002-01-01T00:00:00,110.9000
92,Иркутская область,2002-04-01T00:00:00,104.4000
92,Иркутская область,2002-07-01T00:00:00,107.0000
92,Иркутская область,2002-10-01T00:00:00,109.6000
92,Иркутская область,2003-01-01T00:00:00,113.3000
92,Иркутская область,2003-04-01T00:00:00,106.1000
92,Иркутская область,2003-07-01T00:00:00,108.0000
92,Иркутская область,2003-10-01T00:00:00,110.6000
92,Иркутская область,2004-01-01T00:00:00,113.6000
92,Иркутская область,2004-04-01T00:00:00,104.0000
92,Иркутская область,2004-07-01T00:00:00,105.8000
92,Иркутская область,2004-10-01T00:00:00,107.1000
92,Иркутская область,2005-01-01T00:00:00,110.6000
92,Иркутская область,2005-04-01T00:00:00,103.0000
92,Иркутская область,2005-07-01T00:00:00,105.4000
92,Иркутская область,2005-10-01T00:00:00,106.1000
92,Иркутская область,2006-01-01T00:00:00,108.0000
92,Иркутская область,2006-04-01T00:00:00,104.0000
60,Кабардино-Балкарская Респ.,2001-01-01T00:00:00,102.5000
60,Кабардино-Балкарская Респ.,2001-04-01T00:00:00,107.5000
60,Кабардино-Балкарская Респ.,2001-07-01T00:00:00,115.6000
60,Кабардино-Балкарская Респ.,2001-10-01T00:00:00,115.1000
60,Кабардино-Балкарская Респ.,2002-01-01T00:00:00,101.9000
60,Кабардино-Балкарская Респ.,2002-04-01T00:00:00,103.2000
60,Кабардино-Балкарская Респ.,2002-07-01T00:00:00,106.6000
60,Кабардино-Балкарская Респ.,2002-10-01T00:00:00,107.7000
60,Кабардино-Балкарская Респ.,2003-01-01T00:00:00,115.5000
60,Кабардино-Балкарская Респ.,2003-04-01T00:00:00,103.8000
60,Кабардино-Балкарская Респ.,2003-07-01T00:00:00,105.4000
60,Кабардино-Балкарская Респ.,2003-10-01T00:00:00,104.9000
60,Кабардино-Балкарская Респ.,2004-01-01T00:00:00,108.3000
60,Кабардино-Балкарская Респ.,2004-04-01T00:00:00,103.3000
60,Кабардино-Балкарская Респ.,2004-07-01T00:00:00,107.0000
60,Кабардино-Балкарская Респ.,2004-10-01T00:00:00,108.4000
60,Кабардино-Балкарская Респ.,2005-01-01T00:00:00,113.0000
60,Кабардино-Балкарская Респ.,2005-04-01T00:00:00,106.2000
60,Кабардино-Балкарская Респ.,2005-07-01T00:00:00,110.9000
60,Кабардино-Балкарская Респ.,2005-10-01T00:00:00,111.2000
60,Кабардино-Балкарская Респ.,2006-01-01T00:00:00,114.1000
60,Кабардино-Балкарская Респ.,2006-04-01T00:00:00,99.5000
17,Калининградская область,2001-01-01T00:00:00,117.5000
17,Калининградская область,2001-04-01T00:00:00,108.8000
17,Калининградская область,2001-07-01T00:00:00,116.8000
17,Калининградская область,2001-10-01T00:00:00,116.1000
17,Калининградская область,2002-01-01T00:00:00,121.0000
17,Калининградская область,2002-04-01T00:00:00,106.6000
17,Калининградская область,2002-07-01T00:00:00,111.6000
17,Калининградская область,2002-10-01T00:00:00,106.4000
17,Калининградская область,2003-01-01T00:00:00,109.8000
17,Калининградская область,2003-04-01T00:00:00,109.3000
17,Калининградская область,2003-07-01T00:00:00,114.4000
17,Калининградская область,2003-10-01T00:00:00,114.1000
17,Калининградская область,2004-01-01T00:00:00,117.5000
17,Калининградская область,2004-04-01T00:00:00,104.2000
17,Калининградская область,2004-07-01T00:00:00,107.4000
17,Калининградская область,2004-10-01T00:00:00,107.7000
17,Калининградская область,2005-01-01T00:00:00,111.7000
17,Калининградская область,2005-04-01T00:00:00,104.9000
17,Калининградская область,2005-07-01T00:00:00,108.3000
17,Калининградская область,2005-10-01T00:00:00,109.3000
17,Калининградская область,2006-01-01T00:00:00,111.1000
17,Калининградская область,2006-04-01T00:00:00,102.6000
9,Калужская область,2001-01-01T00:00:00,118.6000
9,Калужская область,2001-04-01T00:00:00,106.7000
9,Калужская область,2001-07-01T00:00:00,112.4000
9,Калужская область,2001-10-01T00:00:00,113.4000
9,Калужская область,2002-01-01T00:00:00,119.6000
9,Калужская область,2002-04-01T00:00:00,106.9000
9,Калужская область,2002-07-01T00:00:00,100.1000
9,Калужская область,2002-10-01T00:00:00,112.2000
9,Калужская область,2003-01-01T00:00:00,117.5000
9,Калужская область,2003-04-01T00:00:00,106.4000
9,Калужская область,2003-07-01T00:00:00,108.7000
9,Калужская область,2003-10-01T00:00:00,109.7000
9,Калужская область,2004-01-01T00:00:00,114.3000
9,Калужская область,2004-04-01T00:00:00,103.6000
9,Калужская область,2004-07-01T00:00:00,106.4000
9,Калужская область,2004-10-01T00:00:00,109.0000
9,Калужская область,2005-01-01T00:00:00,114.0000
9,Калужская область,2005-04-01T00:00:00,104.9000
9,Калужская область,2005-07-01T00:00:00,106.8000
9,Калужская область,2005-10-01T00:00:00,108.4000
9,Калужская область,2006-04-01T00:00:00,105.0000
80,Камчатский край,2001-01-01T00:00:00,124.3000
80,Камчатский край,2001-04-01T00:00:00,105.9000
80,Камчатский край,2001-07-01T00:00:00,108.9000
80,Камчатский край,2001-10-01T00:00:00,111.8000
80,Камчатский край,2002-01-01T00:00:00,115.4000
80,Камчатский край,2002-04-01T00:00:00,108.2000
80,Камчатский край,2002-07-01T00:00:00,111.3000
80,Камчатский край,2002-10-01T00:00:00,112.3000
80,Камчатский край,2003-01-01T00:00:00,114.1000
80,Камчатский край,2003-04-01T00:00:00,103.3000
80,Камчатский край,2003-07-01T00:00:00,106.6200
80,Камчатский край,2003-10-01T00:00:00,107.4700
80,Камчатский край,2004-01-01T00:00:00,110.1700
80,Камчатский край,2004-04-01T00:00:00,102.9300
80,Камчатский край,2004-07-01T00:00:00,104.8500
80,Камчатский край,2004-10-01T00:00:00,108.1000
80,Камчатский край,2005-01-01T00:00:00,111.3000
80,Камчатский край,2005-04-01T00:00:00,112.6400
80,Камчатский край,2005-07-01T00:00:00,116.9600
80,Камчатский край,2005-10-01T00:00:00,119.3600
80,Камчатский край,2006-01-01T00:00:00,121.5000
80,Камчатский край,2006-04-01T00:00:00,103.4900
65,Карачаево-Черкесская Респ.,2001-01-01T00:00:00,113.4000
65,Карачаево-Черкесская Респ.,2001-04-01T00:00:00,105.1000
65,Карачаево-Черкесская Респ.,2001-07-01T00:00:00,114.8000
65,Карачаево-Черкесская Респ.,2001-10-01T00:00:00,113.8000
65,Карачаево-Черкесская Респ.,2002-01-01T00:00:00,119.2000
65,Карачаево-Черкесская Респ.,2002-04-01T00:00:00,106.6000
65,Карачаево-Черкесская Респ.,2002-07-01T00:00:00,111.1000
65,Карачаево-Черкесская Респ.,2002-10-01T00:00:00,110.6000
65,Карачаево-Черкесская Респ.,2003-01-01T00:00:00,119.2000
65,Карачаево-Черкесская Респ.,2003-04-01T00:00:00,102.6000
65,Карачаево-Черкесская Респ.,2003-07-01T00:00:00,106.1000
65,Карачаево-Черкесская Респ.,2003-10-01T00:00:00,107.3000
65,Карачаево-Черкесская Респ.,2004-01-01T00:00:00,109.4000
65,Карачаево-Черкесская Респ.,2004-04-01T00:00:00,102.8000
65,Карачаево-Черкесская Респ.,2004-07-01T00:00:00,105.9000
65,Карачаево-Черкесская Респ.,2004-10-01T00:00:00,107.5000
65,Карачаево-Черкесская Респ.,2005-01-01T00:00:00,112.1000
65,Карачаево-Черкесская Респ.,2005-04-01T00:00:00,106.6000
65,Карачаево-Черкесская Респ.,2005-07-01T00:00:00,110.8000
65,Карачаево-Черкесская Респ.,2005-10-01T00:00:00,109.4000
65,Карачаево-Черкесская Респ.,2006-01-01T00:00:00,112.4000
65,Карачаево-Черкесская Респ.,2006-04-01T00:00:00,106.2000
90,Кемеровская область,2001-01-01T00:00:00,120.3000
90,Кемеровская область,2001-04-01T00:00:00,106.9000
90,Кемеровская область,2001-07-01T00:00:00,110.8000
90,Кемеровская область,2001-10-01T00:00:00,113.3000
90,Кемеровская область,2002-01-01T00:00:00,118.0000
90,Кемеровская область,2002-04-01T00:00:00,105.3000
90,Кемеровская область,2002-07-01T00:00:00,107.6000
90,Кемеровская область,2002-10-01T00:00:00,110.3000
90,Кемеровская область,2003-01-01T00:00:00,101.0000
90,Кемеровская область,2003-04-01T00:00:00,105.6000
90,Кемеровская область,2003-07-01T00:00:00,107.5000
90,Кемеровская область,2003-10-01T00:00:00,108.8000
90,Кемеровская область,2004-01-01T00:00:00,111.8000
90,Кемеровская область,2004-04-01T00:00:00,102.7000
90,Кемеровская область,2004-07-01T00:00:00,105.0000
90,Кемеровская область,2004-10-01T00:00:00,107.1000
90,Кемеровская область,2005-01-01T00:00:00,111.2000
90,Кемеровская область,2005-04-01T00:00:00,103.9000
90,Кемеровская область,2005-07-01T00:00:00,106.6000
90,Кемеровская область,2005-10-01T00:00:00,108.5000
90,Кемеровская область,2006-01-01T00:00:00,110.5000
90,Кемеровская область,2006-04-01T00:00:00,101.1000
26,Кировская область,2001-01-01T00:00:00,122.6000
26,Кировская область,2001-04-01T00:00:00,105.3000
26,Кировская область,2001-07-01T00:00:00,113.7000
26,Кировская область,2001-10-01T00:00:00,113.2000
26,Кировская область,2002-01-01T00:00:00,117.3000
26,Кировская область,2002-04-01T00:00:00,104.1000
26,Кировская область,2002-07-01T00:00:00,108.1000
26,Кировская область,2002-10-01T00:00:00,109.5000
26,Кировская область,2003-01-01T00:00:00,113.9000
26,Кировская область,2003-04-01T00:00:00,104.3000
26,Кировская область,2003-07-01T00:00:00,107.1000
26,Кировская область,2003-10-01T00:00:00,109.0000
26,Кировская область,2004-01-01T00:00:00,113.3000
26,Кировская область,2004-04-01T00:00:00,103.0000
26,Кировская область,2004-07-01T00:00:00,105.6000
26,Кировская область,2004-10-01T00:00:00,107.9000
26,Кировская область,2005-01-01T00:00:00,111.6000
26,Кировская область,2005-04-01T00:00:00,105.7000
26,Кировская область,2005-07-01T00:00:00,107.5000
26,Кировская область,2005-10-01T00:00:00,108.9000
26,Кировская область,2006-01-01T00:00:00,111.3000
26,Кировская область,2006-04-01T00:00:00,105.3000
18,Костромская область,2001-01-01T00:00:00,121.4000
18,Костромская область,2001-04-01T00:00:00,105.7000
18,Костромская область,2001-07-01T00:00:00,112.2000
18,Костромская область,2001-10-01T00:00:00,114.0000
18,Костромская область,2002-01-01T00:00:00,119.7000
18,Костромская область,2002-04-01T00:00:00,106.3000
18,Костромская область,2002-07-01T00:00:00,108.8000
18,Костромская область,2002-10-01T00:00:00,111.7000
18,Костромская область,2003-01-01T00:00:00,116.0000
18,Костромская область,2003-04-01T00:00:00,104.9000
18,Костромская область,2003-07-01T00:00:00,107.5000
18,Костромская область,2003-10-01T00:00:00,108.3000
18,Костромская область,2004-01-01T00:00:00,113.5000
18,Костромская область,2004-04-01T00:00:00,104.4000
18,Костромская область,2004-07-01T00:00:00,108.9000
18,Костромская область,2004-10-01T00:00:00,109.6000
18,Костромская область,2005-01-01T00:00:00,112.9000
18,Костромская область,2005-04-01T00:00:00,104.2000
18,Костромская область,2005-07-01T00:00:00,107.5000
18,Костромская область,2005-10-01T00:00:00,107.7000
18,Костромская область,2006-01-01T00:00:00,109.2000
18,Костромская область,2006-04-01T00:00:00,104.8000
66,Краснодарский край,2001-01-01T00:00:00,118.2000
66,Краснодарский край,2001-04-01T00:00:00,108.2000
66,Краснодарский край,2001-07-01T00:00:00,116.6000
66,Краснодарский край,2001-10-01T00:00:00,117.8000
66,Краснодарский край,2002-01-01T00:00:00,122.3000
66,Краснодарский край,2002-04-01T00:00:00,104.4000
66,Краснодарский край,2002-07-01T00:00:00,109.8000
66,Краснодарский край,2002-10-01T00:00:00,110.2000
66,Краснодарский край,2003-01-01T00:00:00,115.9000
66,Краснодарский край,2003-04-01T00:00:00,102.9000
66,Краснодарский край,2003-07-01T00:00:00,107.3000
66,Краснодарский край,2003-10-01T00:00:00,108.3000
66,Краснодарский край,2004-01-01T00:00:00,110.7000
66,Краснодарский край,2004-04-01T00:00:00,102.7000
66,Краснодарский край,2004-07-01T00:00:00,106.3000
66,Краснодарский край,2004-10-01T00:00:00,108.2000
66,Краснодарский край,2005-01-01T00:00:00,101.2000
66,Краснодарский край,2005-04-01T00:00:00,106.3000
66,Краснодарский край,2005-07-01T00:00:00,110.7000
66,Краснодарский край,2005-10-01T00:00:00,110.5000
66,Краснодарский край,2006-01-01T00:00:00,112.3000
66,Краснодарский край,2006-04-01T00:00:00,104.7000
13,Красноярский край,2001-01-01T00:00:00,121.1000
13,Красноярский край,2001-04-01T00:00:00,106.7000
13,Красноярский край,2001-07-01T00:00:00,114.8000
13,Красноярский край,2001-10-01T00:00:00,117.3000
13,Красноярский край,2002-01-01T00:00:00,124.3000
13,Красноярский край,2002-04-01T00:00:00,107.8000
13,Красноярский край,2002-07-01T00:00:00,110.8000
13,Красноярский край,2002-10-01T00:00:00,112.8000
13,Красноярский край,2003-01-01T00:00:00,116.8000
13,Красноярский край,2003-04-01T00:00:00,111.0000
13,Красноярский край,2003-07-01T00:00:00,114.4000
13,Красноярский край,2003-10-01T00:00:00,115.3000
13,Красноярский край,2004-01-01T00:00:00,118.4000
13,Красноярский край,2004-04-01T00:00:00,102.0000
13,Красноярский край,2004-07-01T00:00:00,104.5000
13,Красноярский край,2004-10-01T00:00:00,106.4000
13,Красноярский край,2005-01-01T00:00:00,110.3000
13,Красноярский край,2005-04-01T00:00:00,104.0000
13,Красноярский край,2005-07-01T00:00:00,105.9000
13,Красноярский край,2005-10-01T00:00:00,107.2000
13,Красноярский край,2006-01-01T00:00:00,109.3000
13,Красноярский край,2006-04-01T00:00:00,105.7000
8,Курганская область,2001-01-01T00:00:00,119.3000
8,Курганская область,2001-04-01T00:00:00,108.8000
8,Курганская область,2001-07-01T00:00:00,114.2000
8,Курганская область,2001-10-01T00:00:00,116.6000
8,Курганская область,2002-01-01T00:00:00,127.8000
8,Курганская область,2002-04-01T00:00:00,105.1000
8,Курганская область,2002-07-01T00:00:00,108.4000
8,Курганская область,2002-10-01T00:00:00,109.7000
8,Курганская область,2003-01-01T00:00:00,113.9000
8,Курганская область,2003-04-01T00:00:00,103.8000
8,Курганская область,2003-07-01T00:00:00,107.1000
8,Курганская область,2003-10-01T00:00:00,108.0000
8,Курганская область,2004-01-01T00:00:00,111.4000
8,Курганская область,2004-04-01T00:00:00,104.2000
8,Курганская область,2004-07-01T00:00:00,105.7000
8,Курганская область,2004-10-01T00:00:00,107.2000
8,Курганская область,2005-01-01T00:00:00,109.6000
8,Курганская область,2005-04-01T00:00:00,105.9000
8,Курганская область,2005-07-01T00:00:00,108.6000
8,Курганская область,2005-10-01T00:00:00,109.6000
8,Курганская область,2006-01-01T00:00:00,111.7000
8,Курганская область,2006-04-01T00:00:00,106.6000
47,Курская область,2001-01-01T00:00:00,119.1000
47,Курская область,2001-04-01T00:00:00,110.0000
47,Курская область,2001-07-01T00:00:00,118.2000
47,Курская область,2001-10-01T00:00:00,118.3000
47,Курская область,2002-01-01T00:00:00,122.9000
47,Курская область,2002-04-01T00:00:00,107.6000
47,Курская область,2002-07-01T00:00:00,110.8000
47,Курская область,2002-10-01T00:00:00,111.5000
47,Курская область,2003-01-01T00:00:00,116.6000
47,Курская область,2003-04-01T00:00:00,106.5000
47,Курская область,2003-07-01T00:00:00,110.5000
47,Курская область,2003-10-01T00:00:00,110.8000
47,Курская область,2004-01-01T00:00:00,116.2000
47,Курская область,2004-04-01T00:00:00,102.2000
47,Курская область,2004-07-01T00:00:00,104.4000
47,Курская область,2004-10-01T00:00:00,105.0000
47,Курская область,2005-01-01T00:00:00,109.9000
47,Курская область,2005-04-01T00:00:00,105.3000
47,Курская область,2005-07-01T00:00:00,106.8000
47,Курская область,2005-10-01T00:00:00,106.0000
47,Курская область,2006-01-01T00:00:00,109.4000
47,Курская область,2006-04-01T00:00:00,105.8000
53,Ленинградская область,2001-01-01T00:00:00,123.5000
53,Ленинградская область,2001-04-01T00:00:00,108.8000
53,Ленинградская область,2001-07-01T00:00:00,114.9000
53,Ленинградская область,2001-10-01T00:00:00,115.6000
53,Ленинградская область,2002-01-01T00:00:00,119.6000
53,Ленинградская область,2002-04-01T00:00:00,105.9000
53,Ленинградская область,2002-07-01T00:00:00,109.9000
53,Ленинградская область,2002-10-01T00:00:00,110.8000
53,Ленинградская область,2003-01-01T00:00:00,114.8000
53,Ленинградская область,2003-04-01T00:00:00,105.8000
53,Ленинградская область,2003-07-01T00:00:00,109.2000
53,Ленинградская область,2003-10-01T00:00:00,109.7000
53,Ленинградская область,2004-01-01T00:00:00,113.0000
53,Ленинградская область,2004-04-01T00:00:00,104.1000
53,Ленинградская область,2004-07-01T00:00:00,107.8000
53,Ленинградская область,2004-10-01T00:00:00,109.7000
53,Ленинградская область,2005-01-01T00:00:00,114.9000
53,Ленинградская область,2005-04-01T00:00:00,106.3000
53,Ленинградская область,2005-07-01T00:00:00,109.6000
48,Липецкая область,2001-01-01T00:00:00,121.9000
48,Липецкая область,2001-04-01T00:00:00,106.4000
48,Липецкая область,2001-07-01T00:00:00,111.2000
48,Липецкая область,2001-10-01T00:00:00,112.4000
48,Липецкая область,2002-01-01T00:00:00,117.1000
48,Липецкая область,2002-04-01T00:00:00,104.2000
48,Липецкая область,2002-07-01T00:00:00,106.4000
48,Липецкая область,2002-10-01T00:00:00,108.3000
48,Липецкая область,2003-01-01T00:00:00,102.2000
48,Липецкая область,2003-04-01T00:00:00,100.8000
48,Липецкая область,2003-07-01T00:00:00,101.0000
48,Липецкая область,2003-10-01T00:00:00,100.4000
48,Липецкая область,2004-01-01T00:00:00,101.3000
48,Липецкая область,2004-04-01T00:00:00,104.1000
48,Липецкая область,2004-07-01T00:00:00,106.3000
48,Липецкая область,2004-10-01T00:00:00,107.8000
48,Липецкая область,2005-01-01T00:00:00,112.9000
48,Липецкая область,2005-04-01T00:00:00,104.5000
48,Липецкая область,2005-07-01T00:00:00,106.9000
48,Липецкая область,2005-10-01T00:00:00,107.2000
48,Липецкая область,2006-01-01T00:00:00,110.9000
48,Липецкая область,2006-04-01T00:00:00,104.8000
78,Магаданская область,2001-01-01T00:00:00,118.3000
78,Магаданская область,2001-04-01T00:00:00,109.1000
78,Магаданская область,2001-07-01T00:00:00,111.1000
78,Магаданская область,2001-10-01T00:00:00,113.3000
78,Магаданская область,2002-01-01T00:00:00,117.5000
78,Магаданская область,2002-04-01T00:00:00,105.1000
78,Магаданская область,2002-07-01T00:00:00,109.7000
78,Магаданская область,2002-10-01T00:00:00,108.4000
78,Магаданская область,2003-01-01T00:00:00,112.3000
78,Магаданская область,2003-04-01T00:00:00,103.0000
78,Магаданская область,2003-07-01T00:00:00,104.2000
78,Магаданская область,2003-10-01T00:00:00,106.8000
78,Магаданская область,2004-01-01T00:00:00,111.9000
78,Магаданская область,2004-04-01T00:00:00,102.9000
78,Магаданская область,2004-07-01T00:00:00,105.3000
78,Магаданская область,2004-10-01T00:00:00,110.4000
78,Магаданская область,2005-01-01T00:00:00,109.4000
78,Магаданская область,2005-04-01T00:00:00,103.8000
78,Магаданская область,2005-07-01T00:00:00,107.1000
78,Магаданская область,2006-01-01T00:00:00,112.4000
78,Магаданская область,2006-04-01T00:00:00,105.2000
78,Магаданская область,2005-10-01T00:00:00,109.3000
31,Московская область,2001-01-01T00:00:00,121.8300
31,Московская область,2001-04-01T00:00:00,108.2300
31,Московская область,2001-07-01T00:00:00,116.0700
31,Московская область,2001-10-01T00:00:00,116.9400
31,Московская область,2002-01-01T00:00:00,121.7600
31,Московская область,2002-04-01T00:00:00,106.0800
31,Московская область,2002-07-01T00:00:00,110.7900
31,Московская область,2002-10-01T00:00:00,113.0000
31,Московская область,2003-01-01T00:00:00,117.7800
31,Московская область,2003-04-01T00:00:00,104.7400
31,Московская область,2003-07-01T00:00:00,108.1800
31,Московская область,2003-10-01T00:00:00,108.9500
31,Московская область,2004-01-01T00:00:00,111.7000
31,Московская область,2004-04-01T00:00:00,103.5800
31,Московская область,2004-07-01T00:00:00,106.9000
31,Московская область,2004-10-01T00:00:00,108.3000
31,Московская область,2005-01-01T00:00:00,112.2600
31,Московская область,2005-04-01T00:00:00,106.6900
31,Московская область,2005-07-01T00:00:00,109.3000
31,Московская область,2005-10-01T00:00:00,109.7500
31,Московская область,2006-01-01T00:00:00,111.3000
31,Московская область,2006-04-01T00:00:00,105.3300
54,Мурманская область,2001-01-01T00:00:00,121.9000
54,Мурманская область,2001-04-01T00:00:00,109.2000
54,Мурманская область,2001-07-01T00:00:00,115.6000
54,Мурманская область,2001-10-01T00:00:00,116.3000
54,Мурманская область,2002-01-01T00:00:00,122.6000
54,Мурманская область,2002-04-01T00:00:00,107.8000
54,Мурманская область,2002-07-01T00:00:00,113.1000
54,Мурманская область,2003-01-01T00:00:00,122.4000
54,Мурманская область,2003-07-01T00:00:00,109.2000
54,Мурманская область,2004-01-01T00:00:00,113.9000
54,Мурманская область,2004-04-01T00:00:00,105.1000
54,Мурманская область,2004-07-01T00:00:00,107.1000
54,Мурманская область,2005-04-01T00:00:00,106.3000
54,Мурманская область,2005-07-01T00:00:00,109.7000
54,Мурманская область,2005-10-01T00:00:00,108.7000
54,Мурманская область,2006-04-01T00:00:00,104.6000
54,Мурманская область,2005-01-01T00:00:00,110.8000
54,Мурманская область,2004-10-01T00:00:00,107.8000
54,Мурманская область,2003-10-01T00:00:00,110.6000
54,Мурманская область,2003-04-01T00:00:00,105.0000
54,Мурманская область,2002-10-01T00:00:00,115.9000
22,Нижегородская область,2001-01-01T00:00:00,121.7200
22,Нижегородская область,2001-04-01T00:00:00,106.2000
22,Нижегородская область,2001-07-01T00:00:00,112.2000
22,Нижегородская область,2001-10-01T00:00:00,114.0000
22,Нижегородская область,2002-01-01T00:00:00,119.7000
22,Нижегородская область,2002-04-01T00:00:00,105.1000
22,Нижегородская область,2002-07-01T00:00:00,108.2000
22,Нижегородская область,2002-10-01T00:00:00,110.3000
22,Нижегородская область,2003-01-01T00:00:00,115.4000
22,Нижегородская область,2003-04-01T00:00:00,107.9000
22,Нижегородская область,2003-07-01T00:00:00,110.9000
22,Нижегородская область,2003-10-01T00:00:00,112.5000
22,Нижегородская область,2004-01-01T00:00:00,115.3000
22,Нижегородская область,2004-04-01T00:00:00,105.1000
22,Нижегородская область,2004-07-01T00:00:00,107.8000
22,Нижегородская область,2004-10-01T00:00:00,109.5000
22,Нижегородская область,2005-01-01T00:00:00,114.3000
22,Нижегородская область,2005-04-01T00:00:00,105.8000
22,Нижегородская область,2005-07-01T00:00:00,108.7000
22,Нижегородская область,2005-10-01T00:00:00,108.6000
22,Нижегородская область,2006-01-01T00:00:00,111.9000
55,Новгородская область,2001-01-01T00:00:00,120.5000
55,Новгородская область,2001-04-01T00:00:00,107.0000
55,Новгородская область,2001-07-01T00:00:00,114.1000
55,Новгородская область,2001-10-01T00:00:00,113.7000
55,Новгородская область,2002-01-01T00:00:00,116.8000
55,Новгородская область,2002-04-01T00:00:00,107.4000
55,Новгородская область,2002-07-01T00:00:00,110.5000
55,Новгородская область,2002-10-01T00:00:00,112.5000
55,Новгородская область,2003-01-01T00:00:00,115.2000
55,Новгородская область,2003-04-01T00:00:00,106.2000
55,Новгородская область,2003-07-01T00:00:00,109.0000
55,Новгородская область,2003-10-01T00:00:00,111.4000
55,Новгородская область,2004-01-01T00:00:00,114.4000
55,Новгородская область,2004-04-01T00:00:00,105.2000
55,Новгородская область,2004-07-01T00:00:00,107.6000
55,Новгородская область,2004-10-01T00:00:00,109.4000
55,Новгородская область,2005-01-01T00:00:00,113.1000
55,Новгородская область,2005-04-01T00:00:00,105.7000
55,Новгородская область,2005-07-01T00:00:00,108.6000
55,Новгородская область,2005-10-01T00:00:00,109.0000
55,Новгородская область,2006-01-01T00:00:00,110.3000
55,Новгородская область,2006-04-01T00:00:00,106.5000
14,Новосибирская область,2001-01-01T00:00:00,122.7000
14,Новосибирская область,2001-04-01T00:00:00,107.2000
14,Новосибирская область,2001-07-01T00:00:00,109.3000
14,Новосибирская область,2001-10-01T00:00:00,110.2000
14,Новосибирская область,2002-01-01T00:00:00,114.2000
14,Новосибирская область,2002-04-01T00:00:00,105.5000
14,Новосибирская область,2002-07-01T00:00:00,108.5000
14,Новосибирская область,2002-10-01T00:00:00,110.3000
14,Новосибирская область,2003-01-01T00:00:00,115.4000
14,Новосибирская область,2003-04-01T00:00:00,106.6000
14,Новосибирская область,2003-07-01T00:00:00,107.7200
14,Новосибирская область,2003-10-01T00:00:00,108.6000
14,Новосибирская область,2004-01-01T00:00:00,111.5000
14,Новосибирская область,2004-04-01T00:00:00,103.4000
14,Новосибирская область,2004-07-01T00:00:00,104.5000
14,Новосибирская область,2004-10-01T00:00:00,106.2000
14,Новосибирская область,2005-01-01T00:00:00,111.4000
14,Новосибирская область,2005-04-01T00:00:00,105.6000
14,Новосибирская область,2005-07-01T00:00:00,107.0000
14,Новосибирская область,2005-10-01T00:00:00,108.8000
14,Новосибирская область,2006-01-01T00:00:00,110.7000
14,Новосибирская область,2006-04-01T00:00:00,105.6000
4,Омская область,2004-10-01T00:00:00,106.3000
4,Омская область,2004-07-01T00:00:00,104.3000
4,Омская область,2004-04-01T00:00:00,102.0000
4,Омская область,2004-01-01T00:00:00,110.9000
4,Омская область,2003-10-01T00:00:00,106.7000
4,Омская область,2002-10-01T00:00:00,108.3000
4,Омская область,2002-07-01T00:00:00,105.6000
4,Омская область,2002-04-01T00:00:00,103.0000
4,Омская область,2001-10-01T00:00:00,110.6000
4,Омская область,2001-07-01T00:00:00,109.6000
4,Омская область,2001-04-01T00:00:00,105.7000
4,Омская область,2001-01-01T00:00:00,121.3000
4,Омская область,2006-04-01T00:00:00,106.0000
4,Омская область,2006-01-01T00:00:00,110.7000
4,Омская область,2005-10-01T00:00:00,109.0000
4,Омская область,2002-01-01T00:00:00,115.4000
4,Омская область,2005-07-01T00:00:00,113.4000
4,Омская область,2005-04-01T00:00:00,105.8000
4,Омская область,2005-01-01T00:00:00,109.4000
4,Омская область,2003-07-01T00:00:00,104.9000
4,Омская область,2003-04-01T00:00:00,103.3000
4,Омская область,2003-01-01T00:00:00,115.2000
69,Оренбургская область,2001-01-01T00:00:00,118.7000
69,Оренбургская область,2001-04-01T00:00:00,107.7000
69,Оренбургская область,2001-07-01T00:00:00,111.9000
69,Оренбургская область,2001-10-01T00:00:00,112.0000
69,Оренбургская область,2002-01-01T00:00:00,115.8000
69,Оренбургская область,2002-04-01T00:00:00,104.4000
69,Оренбургская область,2002-07-01T00:00:00,109.2000
69,Оренбургская область,2003-01-01T00:00:00,113.6000
69,Оренбургская область,2003-07-01T00:00:00,106.8000
69,Оренбургская область,2003-10-01T00:00:00,106.4000
69,Оренбургская область,2004-01-01T00:00:00,110.1000
69,Оренбургская область,2004-04-01T00:00:00,103.5000
69,Оренбургская область,2004-07-01T00:00:00,104.9000
69,Оренбургская область,2006-04-01T00:00:00,105.3000
69,Оренбургская область,2006-01-01T00:00:00,110.5000
69,Оренбургская область,2005-10-01T00:00:00,108.7000
69,Оренбургская область,2005-07-01T00:00:00,108.4000
69,Оренбургская область,2005-04-01T00:00:00,106.2000
69,Оренбургская область,2005-01-01T00:00:00,110.2000
69,Оренбургская область,2004-10-01T00:00:00,107.0000
69,Оренбургская область,2003-04-01T00:00:00,104.3000
69,Оренбургская область,2002-10-01T00:00:00,109.1000
49,Орловская область,2001-01-01T00:00:00,118.9700
49,Орловская область,2001-04-01T00:00:00,106.1200
49,Орловская область,2001-07-01T00:00:00,112.9000
49,Орловская область,2001-10-01T00:00:00,112.3600
49,Орловская область,2002-01-01T00:00:00,116.7400
49,Орловская область,2002-04-01T00:00:00,104.9400
49,Орловская область,2002-07-01T00:00:00,107.7700
49,Орловская область,2003-01-01T00:00:00,115.1100
49,Орловская область,2003-07-01T00:00:00,108.2800
49,Орловская область,2003-10-01T00:00:00,108.8700
49,Орловская область,2004-01-01T00:00:00,112.2000
49,Орловская область,2004-04-01T00:00:00,104.1000
49,Орловская область,2004-07-01T00:00:00,106.5000
49,Орловская область,2004-10-01T00:00:00,108.1000
49,Орловская область,2005-05-01T00:00:00,105.5000
49,Орловская область,2005-07-01T00:00:00,107.2000
49,Орловская область,2005-10-01T00:00:00,107.8200
49,Орловская область,2006-01-01T00:00:00,111.7100
49,Орловская область,2006-04-01T00:00:00,104.1800
49,Орловская область,2003-04-01T00:00:00,104.5400
49,Орловская область,2002-10-01T00:00:00,109.7500
49,Орловская область,2005-01-01T00:00:00,111.7000
70,Пензенская область,2001-01-01T00:00:00,120.6000
70,Пензенская область,2001-04-01T00:00:00,108.5000
70,Пензенская область,2001-07-01T00:00:00,109.2000
70,Пензенская область,2001-10-01T00:00:00,114.6000
70,Пензенская область,2002-01-01T00:00:00,118.5000
70,Пензенская область,2002-04-01T00:00:00,102.9000
70,Пензенская область,2002-07-01T00:00:00,105.7000
70,Пензенская область,2003-01-01T00:00:00,115.1000
70,Пензенская область,2003-07-01T00:00:00,104.9000
70,Пензенская область,2003-10-01T00:00:00,106.3000
70,Пензенская область,2004-01-01T00:00:00,109.9000
70,Пензенская область,2004-04-01T00:00:00,105.4000
70,Пензенская область,2004-07-01T00:00:00,107.9000
70,Пензенская область,2005-04-01T00:00:00,104.5000
70,Пензенская область,2006-01-01T00:00:00,111.3200
70,Пензенская область,2006-04-01T00:00:00,105.6000
70,Пензенская область,2005-10-01T00:00:00,109.3000
70,Пензенская область,2005-01-01T00:00:00,114.8000
70,Пензенская область,2004-10-01T00:00:00,110.6000
70,Пензенская область,2003-04-01T00:00:00,103.4000
70,Пензенская область,2002-10-01T00:00:00,109.0000
70,Пензенская область,2005-07-01T00:00:00,108.0000
71,Пермский край,2001-01-01T00:00:00,124.5000
71,Пермский край,2001-04-01T00:00:00,108.2700
71,Пермский край,2001-07-01T00:00:00,116.5000
71,Пермский край,2001-10-01T00:00:00,118.4000
71,Пермский край,2002-01-01T00:00:00,122.5000
71,Пермский край,2002-04-01T00:00:00,105.3000
71,Пермский край,2002-07-01T00:00:00,109.5000
71,Пермский край,2003-01-01T00:00:00,116.0400
71,Пермский край,2003-07-01T00:00:00,107.5100
71,Пермский край,2003-10-01T00:00:00,109.6600
71,Пермский край,2004-01-01T00:00:00,114.5600
71,Пермский край,2004-04-01T00:00:00,104.1000
71,Пермский край,2004-07-01T00:00:00,107.8400
71,Пермский край,2005-04-01T00:00:00,104.3000
71,Пермский край,2006-01-01T00:00:00,110.4200
71,Пермский край,2006-04-01T00:00:00,105.3000
71,Пермский край,2005-10-01T00:00:00,108.1000
71,Пермский край,2005-07-01T00:00:00,107.2800
71,Пермский край,2005-01-01T00:00:00,112.6200
71,Пермский край,2004-10-01T00:00:00,109.8700
71,Пермский край,2003-04-01T00:00:00,105.2700
71,Пермский край,2002-10-01T00:00:00,110.4200
82,Приморский край,2001-01-01T00:00:00,131.8000
82,Приморский край,2001-04-01T00:00:00,106.9000
82,Приморский край,2001-07-01T00:00:00,111.2000
82,Приморский край,2001-10-01T00:00:00,114.8000
82,Приморский край,2002-01-01T00:00:00,119.0000
82,Приморский край,2002-04-01T00:00:00,104.2000
82,Приморский край,2002-07-01T00:00:00,106.1000
82,Приморский край,2003-01-01T00:00:00,113.6000
82,Приморский край,2003-10-01T00:00:00,108.6000
82,Приморский край,2004-01-01T00:00:00,112.8000
82,Приморский край,2004-04-01T00:00:00,102.6000
82,Приморский край,2004-07-01T00:00:00,104.1000
82,Приморский край,2005-04-01T00:00:00,104.9000
82,Приморский край,2006-01-01T00:00:00,112.4000
82,Приморский край,2006-04-01T00:00:00,103.3000
82,Приморский край,2003-07-01T00:00:00,107.4000
82,Приморский край,2003-04-01T00:00:00,104.7000
82,Приморский край,2005-10-01T00:00:00,109.2000
82,Приморский край,2005-07-01T00:00:00,107.2000
82,Приморский край,2005-01-01T00:00:00,110.8000
82,Приморский край,2004-10-01T00:00:00,106.2000
82,Приморский край,2002-10-01T00:00:00,108.9000
15,Псковская область,2001-01-01T00:00:00,118.6000
15,Псковская область,2001-04-01T00:00:00,106.5000
15,Псковская область,2001-07-01T00:00:00,112.3000
15,Псковская область,2001-10-01T00:00:00,112.7000
15,Псковская область,2002-01-01T00:00:00,118.4000
15,Псковская область,2002-04-01T00:00:00,104.9000
15,Псковская область,2002-07-01T00:00:00,107.9000
15,Псковская область,2002-10-01T00:00:00,108.1000
15,Псковская область,2003-01-01T00:00:00,112.6000
15,Псковская область,2003-04-01T00:00:00,104.2000
15,Псковская область,2003-07-01T00:00:00,107.1000
15,Псковская область,2003-10-01T00:00:00,109.3000
15,Псковская область,2004-01-01T00:00:00,112.7000
15,Псковская область,2004-04-01T00:00:00,103.3000
15,Псковская область,2004-07-01T00:00:00,106.2000
15,Псковская область,2004-10-01T00:00:00,108.0000
15,Псковская область,2005-01-01T00:00:00,111.6000
15,Псковская область,2005-04-01T00:00:00,103.8000
15,Псковская область,2005-07-01T00:00:00,106.1000
15,Псковская область,2005-10-01T00:00:00,108.1000
15,Псковская область,2006-01-01T00:00:00,110.5000
15,Псковская область,2006-04-01T00:00:00,105.6000
19,Респ. Башкортостан,2001-01-01T00:00:00,121.6000
19,Респ. Башкортостан,2001-04-01T00:00:00,106.6000
19,Респ. Башкортостан,2001-07-01T00:00:00,111.6000
19,Респ. Башкортостан,2001-10-01T00:00:00,113.2000
19,Респ. Башкортостан,2002-01-01T00:00:00,117.4000
19,Респ. Башкортостан,2002-04-01T00:00:00,104.4000
19,Респ. Башкортостан,2002-07-01T00:00:00,108.1000
19,Респ. Башкортостан,2002-10-01T00:00:00,109.7000
19,Респ. Башкортостан,2003-01-01T00:00:00,114.7000
19,Респ. Башкортостан,2003-04-01T00:00:00,104.4000
19,Респ. Башкортостан,2003-07-01T00:00:00,106.8000
19,Респ. Башкортостан,2003-10-01T00:00:00,108.2000
19,Респ. Башкортостан,2004-01-01T00:00:00,111.1000
19,Респ. Башкортостан,2004-04-01T00:00:00,105.4000
19,Респ. Башкортостан,2004-07-01T00:00:00,108.0000
19,Респ. Башкортостан,2004-10-01T00:00:00,110.9000
19,Респ. Башкортостан,2005-01-01T00:00:00,114.3000
19,Респ. Башкортостан,2005-04-01T00:00:00,105.9000
19,Респ. Башкортостан,2005-07-01T00:00:00,107.8000
19,Респ. Башкортостан,2005-10-01T00:00:00,108.5000
19,Респ. Башкортостан,2006-01-01T00:00:00,110.9000
19,Респ. Башкортостан,2006-04-01T00:00:00,106.2000
27,Респ. Карелия,2006-04-01T00:00:00,105.2000
27,Респ. Карелия,2006-01-01T00:00:00,110.0000
27,Респ. Карелия,2005-10-01T00:00:00,107.6000
27,Респ. Карелия,2005-07-01T00:00:00,107.9000
27,Респ. Карелия,2005-04-01T00:00:00,105.2000
27,Респ. Карелия,2004-10-01T00:00:00,108.1000
27,Респ. Карелия,2004-07-01T00:00:00,107.0000
27,Респ. Карелия,2004-04-01T00:00:00,103.4000
27,Респ. Карелия,2004-01-01T00:00:00,112.9000
27,Респ. Карелия,2003-10-01T00:00:00,109.9000
27,Респ. Карелия,2003-07-01T00:00:00,108.6000
27,Респ. Карелия,2003-04-01T00:00:00,105.0000
27,Респ. Карелия,2003-01-01T00:00:00,115.3000
27,Респ. Карелия,2002-10-01T00:00:00,109.5000
27,Респ. Карелия,2002-07-01T00:00:00,108.6000
27,Респ. Карелия,2002-04-01T00:00:00,106.5000
27,Респ. Карелия,2002-01-01T00:00:00,118.3000
27,Респ. Карелия,2001-10-01T00:00:00,114.0000
27,Респ. Карелия,2001-07-01T00:00:00,116.5000
27,Респ. Карелия,2001-04-01T00:00:00,107.7000
27,Респ. Карелия,2001-01-01T00:00:00,119.3000
27,Респ. Карелия,2005-01-01T00:00:00,111.1000
74,Респ. Саха (Якутия),2001-04-01T00:00:00,102.6800
74,Респ. Саха (Якутия),2001-07-01T00:00:00,107.5400
74,Респ. Саха (Якутия),2001-10-01T00:00:00,109.5100
74,Респ. Саха (Якутия),2002-01-01T00:00:00,113.0900
74,Респ. Саха (Якутия),2002-04-01T00:00:00,104.5500
74,Респ. Саха (Якутия),2002-07-01T00:00:00,108.4700
74,Респ. Саха (Якутия),2003-01-01T00:00:00,112.1000
74,Респ. Саха (Якутия),2003-07-01T00:00:00,107.7000
74,Респ. Саха (Якутия),2003-10-01T00:00:00,109.3000
74,Респ. Саха (Якутия),2004-04-01T00:00:00,103.1000
74,Респ. Саха (Якутия),2004-07-01T00:00:00,106.1000
74,Респ. Саха (Якутия),2006-01-01T00:00:00,112.1000
74,Респ. Саха (Якутия),2006-04-01T00:00:00,105.2000
74,Респ. Саха (Якутия),2005-10-01T00:00:00,109.0400
74,Респ. Саха (Якутия),2005-07-01T00:00:00,107.3000
74,Респ. Саха (Якутия),2005-04-01T00:00:00,103.6000
74,Респ. Саха (Якутия),2005-01-01T00:00:00,110.8000
74,Респ. Саха (Якутия),2004-10-01T00:00:00,107.7000
74,Респ. Саха (Якутия),2004-01-01T00:00:00,111.8000
74,Респ. Саха (Якутия),2003-04-01T00:00:00,104.6700
74,Респ. Саха (Якутия),2002-10-01T00:00:00,109.6000
74,Респ. Саха (Якутия),2001-01-01T00:00:00,117.4000
62,Респ. Северная Осетия-Алания,2001-01-01T00:00:00,116.3000
62,Респ. Северная Осетия-Алания,2001-04-01T00:00:00,107.4000
62,Респ. Северная Осетия-Алания,2001-07-01T00:00:00,115.0000
62,Респ. Северная Осетия-Алания,2001-10-01T00:00:00,112.6000
62,Респ. Северная Осетия-Алания,2002-01-01T00:00:00,117.5000
62,Респ. Северная Осетия-Алания,2002-04-01T00:00:00,104.0000
62,Респ. Северная Осетия-Алания,2002-07-01T00:00:00,107.0000
62,Респ. Северная Осетия-Алания,2003-01-01T00:00:00,115.5000
62,Респ. Северная Осетия-Алания,2003-07-01T00:00:00,104.8000
62,Респ. Северная Осетия-Алания,2003-10-01T00:00:00,104.0000
62,Респ. Северная Осетия-Алания,2004-01-01T00:00:00,107.8000
62,Респ. Северная Осетия-Алания,2004-04-01T00:00:00,105.0000
62,Респ. Северная Осетия-Алания,2004-07-01T00:00:00,108.5000
62,Респ. Северная Осетия-Алания,2005-04-01T00:00:00,106.0000
62,Респ. Северная Осетия-Алания,2005-07-01T00:00:00,110.8000
62,Респ. Северная Осетия-Алания,2005-10-01T00:00:00,107.6000
62,Респ. Северная Осетия-Алания,2006-01-01T00:00:00,111.4000
62,Респ. Северная Осетия-Алания,2006-04-01T00:00:00,105.9000
62,Респ. Северная Осетия-Алания,2005-01-01T00:00:00,112.5000
62,Респ. Северная Осетия-Алания,2003-04-01T00:00:00,103.0000
62,Респ. Северная Осетия-Алания,2002-10-01T00:00:00,108.9000
62,Респ. Северная Осетия-Алания,2004-10-01T00:00:00,109.6000
59,Республика Адыгея (Адыгея),2001-01-01T00:00:00,119.9000
59,Республика Адыгея (Адыгея),2001-04-01T00:00:00,106.0000
59,Республика Адыгея (Адыгея),2001-07-01T00:00:00,111.5000
59,Республика Адыгея (Адыгея),2001-10-01T00:00:00,117.0000
59,Республика Адыгея (Адыгея),2002-01-01T00:00:00,121.5000
59,Республика Адыгея (Адыгея),2002-04-01T00:00:00,104.1000
59,Республика Адыгея (Адыгея),2002-07-01T00:00:00,107.5000
59,Республика Адыгея (Адыгея),2002-10-01T00:00:00,108.0000
59,Республика Адыгея (Адыгея),2003-01-01T00:00:00,114.5000
59,Республика Адыгея (Адыгея),2003-04-01T00:00:00,105.7000
59,Республика Адыгея (Адыгея),2003-07-01T00:00:00,109.7000
59,Республика Адыгея (Адыгея),2003-10-01T00:00:00,110.0000
59,Республика Адыгея (Адыгея),2004-01-01T00:00:00,113.2000
59,Республика Адыгея (Адыгея),2004-04-01T00:00:00,105.2000
59,Республика Адыгея (Адыгея),2004-07-01T00:00:00,108.1000
59,Республика Адыгея (Адыгея),2004-10-01T00:00:00,110.5000
59,Республика Адыгея (Адыгея),2005-01-01T00:00:00,113.4000
59,Республика Адыгея (Адыгея),2005-04-01T00:00:00,105.8000
59,Республика Адыгея (Адыгея),2005-07-01T00:00:00,107.4000
59,Республика Адыгея (Адыгея),2005-10-01T00:00:00,108.5000
59,Республика Адыгея (Адыгея),2006-01-01T00:00:00,111.6900
59,Республика Адыгея (Адыгея),2006-04-01T00:00:00,104.2000
85,Республика Алтай,2001-01-01T00:00:00,123.5600
85,Республика Алтай,2001-04-01T00:00:00,108.1300
85,Республика Алтай,2001-07-01T00:00:00,108.8900
85,Республика Алтай,2001-10-01T00:00:00,110.6500
85,Республика Алтай,2002-01-01T00:00:00,113.6700
85,Республика Алтай,2002-04-01T00:00:00,105.7000
85,Республика Алтай,2002-07-01T00:00:00,109.2000
85,Республика Алтай,2002-10-01T00:00:00,112.1500
85,Республика Алтай,2003-01-01T00:00:00,116.4200
85,Республика Алтай,2003-04-01T00:00:00,102.5000
85,Республика Алтай,2003-07-01T00:00:00,109.0900
85,Республика Алтай,2003-10-01T00:00:00,110.2300
85,Республика Алтай,2004-01-01T00:00:00,113.4700
85,Республика Алтай,2004-04-01T00:00:00,103.2600
85,Республика Алтай,2004-07-01T00:00:00,105.0600
85,Республика Алтай,2004-10-01T00:00:00,109.2900
85,Республика Алтай,2005-01-01T00:00:00,112.0500
85,Республика Алтай,2005-04-01T00:00:00,105.5200
85,Республика Алтай,2005-07-01T00:00:00,107.3400
85,Республика Алтай,2005-10-01T00:00:00,108.7500
85,Республика Алтай,2006-01-01T00:00:00,111.0800
85,Республика Алтай,2006-04-01T00:00:00,105.1600
86,Республика Бурятия,2001-01-01T00:00:00,120.3000
86,Республика Бурятия,2001-04-01T00:00:00,108.9000
86,Республика Бурятия,2001-07-01T00:00:00,113.7000
86,Республика Бурятия,2001-10-01T00:00:00,116.5000
86,Республика Бурятия,2002-01-01T00:00:00,120.9000
86,Республика Бурятия,2002-04-01T00:00:00,103.1000
86,Республика Бурятия,2002-07-01T00:00:00,104.7000
86,Республика Бурятия,2002-10-01T00:00:00,106.1000
86,Республика Бурятия,2003-01-01T00:00:00,110.6000
86,Республика Бурятия,2003-04-01T00:00:00,104.1000
86,Республика Бурятия,2003-07-01T00:00:00,108.9000
86,Республика Бурятия,2003-10-01T00:00:00,110.9000
86,Республика Бурятия,2004-01-01T00:00:00,114.2000
86,Республика Бурятия,2004-04-01T00:00:00,104.5000
86,Республика Бурятия,2004-07-01T00:00:00,111.3000
86,Республика Бурятия,2004-10-01T00:00:00,113.8000
86,Республика Бурятия,2005-01-01T00:00:00,114.7000
86,Республика Бурятия,2005-04-01T00:00:00,108.4000
86,Республика Бурятия,2005-07-01T00:00:00,112.1000
86,Республика Бурятия,2005-10-01T00:00:00,113.5000
86,Республика Бурятия,2006-01-01T00:00:00,115.1000
86,Республика Бурятия,2006-04-01T00:00:00,103.0000
32,Республика Дагестан,2001-01-01T00:00:00,112.2000
32,Республика Дагестан,2001-04-01T00:00:00,105.8000
32,Республика Дагестан,2001-07-01T00:00:00,114.1000
32,Республика Дагестан,2001-10-01T00:00:00,113.2000
32,Республика Дагестан,2002-01-01T00:00:00,117.4000
32,Республика Дагестан,2002-04-01T00:00:00,105.2000
32,Республика Дагестан,2002-07-01T00:00:00,108.0000
32,Республика Дагестан,2002-10-01T00:00:00,107.1000
32,Республика Дагестан,2003-01-01T00:00:00,114.7000
32,Республика Дагестан,2003-04-01T00:00:00,102.6000
32,Республика Дагестан,2003-07-01T00:00:00,107.0000
32,Республика Дагестан,2003-10-01T00:00:00,106.1000
32,Республика Дагестан,2004-01-01T00:00:00,109.5000
32,Республика Дагестан,2004-04-01T00:00:00,102.8000
32,Республика Дагестан,2004-07-01T00:00:00,104.6000
32,Республика Дагестан,2004-10-01T00:00:00,105.1000
32,Республика Дагестан,2005-01-01T00:00:00,109.1000
32,Республика Дагестан,2005-04-01T00:00:00,105.0000
32,Республика Дагестан,2005-07-01T00:00:00,110.5000
32,Республика Дагестан,2005-10-01T00:00:00,107.1000
32,Республика Дагестан,2006-01-01T00:00:00,110.5000
32,Республика Дагестан,2006-04-01T00:00:00,111.7000
58,Республика Ингушетия,2001-01-01T00:00:00,123.8100
58,Республика Ингушетия,2001-04-01T00:00:00,126.3800
58,Республика Ингушетия,2001-10-01T00:00:00,123.0200
58,Республика Ингушетия,2002-01-01T00:00:00,138.6000
58,Республика Ингушетия,2002-04-01T00:00:00,126.1900
58,Республика Ингушетия,2003-01-01T00:00:00,116.9600
58,Республика Ингушетия,2003-04-01T00:00:00,106.8500
58,Республика Ингушетия,2003-07-01T00:00:00,110.1600
58,Республика Ингушетия,2003-10-01T00:00:00,110.7600
58,Республика Ингушетия,2004-01-01T00:00:00,113.8600
58,Республика Ингушетия,2004-04-01T00:00:00,108.1500
58,Республика Ингушетия,2004-07-01T00:00:00,103.6100
58,Республика Ингушетия,2004-10-01T00:00:00,103.2500
58,Республика Ингушетия,2005-01-01T00:00:00,109.9000
58,Республика Ингушетия,2005-04-01T00:00:00,101.7500
58,Республика Ингушетия,2005-07-01T00:00:00,110.7200
58,Республика Ингушетия,2006-01-01T00:00:00,115.4500
61,Республика Калмыкия,2001-01-01T00:00:00,116.9000
61,Республика Калмыкия,2001-04-01T00:00:00,105.8000
61,Республика Калмыкия,2001-07-01T00:00:00,115.5000
61,Республика Калмыкия,2001-10-01T00:00:00,109.9000
61,Республика Калмыкия,2002-01-01T00:00:00,119.8000
61,Республика Калмыкия,2002-04-01T00:00:00,105.8000
61,Республика Калмыкия,2002-07-01T00:00:00,108.7000
61,Республика Калмыкия,2002-10-01T00:00:00,109.3000
61,Республика Калмыкия,2003-01-01T00:00:00,115.2000
61,Республика Калмыкия,2003-04-01T00:00:00,105.5000
61,Республика Калмыкия,2003-07-01T00:00:00,107.9000
61,Республика Калмыкия,2003-10-01T00:00:00,107.6000
61,Республика Калмыкия,2004-01-01T00:00:00,110.1000
61,Республика Калмыкия,2004-07-01T00:00:00,107.9000
61,Республика Калмыкия,2004-10-01T00:00:00,110.9000
61,Республика Калмыкия,2005-01-01T00:00:00,114.8000
61,Республика Калмыкия,2005-04-01T00:00:00,105.6200
61,Республика Калмыкия,2005-07-01T00:00:00,108.9600
61,Республика Калмыкия,2005-10-01T00:00:00,107.4000
61,Республика Калмыкия,2006-01-01T00:00:00,104.6900
52,Республика Коми,2001-01-01T00:00:00,119.8000
52,Республика Коми,2001-04-01T00:00:00,107.8000
52,Республика Коми,2001-07-01T00:00:00,117.3000
52,Республика Коми,2001-10-01T00:00:00,117.0000
52,Республика Коми,2002-01-01T00:00:00,120.5000
52,Республика Коми,2002-04-01T00:00:00,105.1000
52,Республика Коми,2002-07-01T00:00:00,108.8000
52,Республика Коми,2002-10-01T00:00:00,110.4000
52,Республика Коми,2003-01-01T00:00:00,114.0000
52,Республика Коми,2003-04-01T00:00:00,105.0000
52,Республика Коми,2003-07-01T00:00:00,110.8000
52,Республика Коми,2003-10-01T00:00:00,114.7000
52,Республика Коми,2004-01-01T00:00:00,118.0000
52,Республика Коми,2004-04-01T00:00:00,103.0000
52,Республика Коми,2004-07-01T00:00:00,106.9000
52,Республика Коми,2004-10-01T00:00:00,108.0000
52,Республика Коми,2005-01-01T00:00:00,111.0000
52,Республика Коми,2005-04-01T00:00:00,104.5000
52,Республика Коми,2005-07-01T00:00:00,107.2000
52,Республика Коми,2005-10-01T00:00:00,108.6000
52,Республика Коми,2006-01-01T00:00:00,110.8000
52,Республика Коми,2006-04-01T00:00:00,104.0000
24,Республика Марий Эл,2001-01-01T00:00:00,121.7000
24,Республика Марий Эл,2001-04-01T00:00:00,108.9000
24,Республика Марий Эл,2001-07-01T00:00:00,115.0000
24,Республика Марий Эл,2001-10-01T00:00:00,114.4000
24,Республика Марий Эл,2002-01-01T00:00:00,118.2000
24,Республика Марий Эл,2002-04-01T00:00:00,106.3000
24,Республика Марий Эл,2002-07-01T00:00:00,109.0000
24,Республика Марий Эл,2002-10-01T00:00:00,110.4000
24,Республика Марий Эл,2003-01-01T00:00:00,114.9000
24,Республика Марий Эл,2003-04-01T00:00:00,105.4000
24,Республика Марий Эл,2003-07-01T00:00:00,107.0000
24,Республика Марий Эл,2003-10-01T00:00:00,107.5000
24,Республика Марий Эл,2004-01-01T00:00:00,112.1000
24,Республика Марий Эл,2004-04-01T00:00:00,105.0000
24,Республика Марий Эл,2004-07-01T00:00:00,106.2000
24,Республика Марий Эл,2004-10-01T00:00:00,108.0000
24,Республика Марий Эл,2005-01-01T00:00:00,111.6000
24,Республика Марий Эл,2005-04-01T00:00:00,103.9000
24,Республика Марий Эл,2005-07-01T00:00:00,111.2000
24,Республика Марий Эл,2005-10-01T00:00:00,106.8000
24,Республика Марий Эл,2006-01-01T00:00:00,109.2000
24,Республика Марий Эл,2006-04-01T00:00:00,105.2000
67,Республика Мордовия,2001-01-01T00:00:00,128.0000
67,Республика Мордовия,2001-04-01T00:00:00,107.8000
67,Республика Мордовия,2001-07-01T00:00:00,112.6000
67,Республика Мордовия,2001-10-01T00:00:00,114.6000
67,Республика Мордовия,2002-01-01T00:00:00,119.7000
67,Республика Мордовия,2002-04-01T00:00:00,105.6000
67,Республика Мордовия,2002-07-01T00:00:00,110.1000
67,Республика Мордовия,2002-10-01T00:00:00,114.3000
67,Республика Мордовия,2003-01-01T00:00:00,118.2000
67,Республика Мордовия,2003-04-01T00:00:00,103.8000
67,Республика Мордовия,2003-07-01T00:00:00,106.3000
67,Республика Мордовия,2003-10-01T00:00:00,106.7000
67,Республика Мордовия,2004-01-01T00:00:00,109.0000
67,Республика Мордовия,2004-04-01T00:00:00,105.1000
67,Республика Мордовия,2004-07-01T00:00:00,107.5000
67,Республика Мордовия,2004-10-01T00:00:00,114.0000
67,Республика Мордовия,2005-01-01T00:00:00,117.0000
67,Республика Мордовия,2005-04-01T00:00:00,104.7000
67,Республика Мордовия,2005-07-01T00:00:00,106.2000
67,Республика Мордовия,2005-10-01T00:00:00,107.4000
67,Республика Мордовия,2006-01-01T00:00:00,108.9000
38,Республика Татарстан,2001-01-01T00:00:00,124.2000
38,Республика Татарстан,2001-04-01T00:00:00,104.8000
38,Республика Татарстан,2001-07-01T00:00:00,112.9000
38,Республика Татарстан,2001-10-01T00:00:00,112.5000
38,Республика Татарстан,2002-01-01T00:00:00,117.4000
38,Республика Татарстан,2002-04-01T00:00:00,104.3000
38,Республика Татарстан,2002-07-01T00:00:00,110.9000
38,Республика Татарстан,2002-10-01T00:00:00,110.3000
38,Республика Татарстан,2003-01-01T00:00:00,116.4000
38,Республика Татарстан,2003-04-01T00:00:00,107.4000
38,Республика Татарстан,2003-07-01T00:00:00,109.7000
38,Республика Татарстан,2003-10-01T00:00:00,108.9000
38,Республика Татарстан,2004-01-01T00:00:00,112.4000
38,Республика Татарстан,2004-04-01T00:00:00,104.8000
38,Республика Татарстан,2004-07-01T00:00:00,107.7000
38,Республика Татарстан,2004-10-01T00:00:00,109.0000
38,Республика Татарстан,2005-01-01T00:00:00,112.7000
38,Республика Татарстан,2005-04-01T00:00:00,105.2000
38,Республика Татарстан,2005-07-01T00:00:00,107.6000
38,Республика Татарстан,2005-10-01T00:00:00,107.2000
38,Республика Татарстан,2006-01-01T00:00:00,108.8000
38,Республика Татарстан,2006-04-01T00:00:00,105.2000
84,Республика Тыва,2001-01-01T00:00:00,122.2000
84,Республика Тыва,2001-04-01T00:00:00,106.0000
84,Республика Тыва,2001-07-01T00:00:00,110.1000
84,Республика Тыва,2001-10-01T00:00:00,110.6000
84,Республика Тыва,2002-01-01T00:00:00,115.0000
84,Республика Тыва,2002-04-01T00:00:00,102.2000
84,Республика Тыва,2002-07-01T00:00:00,105.0000
84,Республика Тыва,2002-10-01T00:00:00,106.5000
84,Республика Тыва,2003-01-01T00:00:00,109.6000
84,Республика Тыва,2003-04-01T00:00:00,103.7000
84,Республика Тыва,2003-07-01T00:00:00,106.7000
84,Республика Тыва,2003-10-01T00:00:00,107.9000
84,Республика Тыва,2004-01-01T00:00:00,111.6000
84,Республика Тыва,2004-04-01T00:00:00,104.9000
84,Республика Тыва,2004-07-01T00:00:00,107.9000
84,Республика Тыва,2004-10-01T00:00:00,109.5000
84,Республика Тыва,2005-01-01T00:00:00,112.0000
84,Республика Тыва,2005-04-01T00:00:00,103.7000
84,Республика Тыва,2005-07-01T00:00:00,106.5000
84,Республика Тыва,2005-10-01T00:00:00,107.5000
84,Республика Тыва,2006-01-01T00:00:00,109.9000
84,Республика Тыва,2006-04-01T00:00:00,102.7000
83,Республика Хакасия,2001-01-01T00:00:00,125.0000
83,Республика Хакасия,2001-04-01T00:00:00,106.9000
83,Республика Хакасия,2001-07-01T00:00:00,111.0000
83,Республика Хакасия,2001-10-01T00:00:00,113.6000
83,Республика Хакасия,2002-01-01T00:00:00,117.8000
83,Республика Хакасия,2002-04-01T00:00:00,104.7000
83,Республика Хакасия,2002-07-01T00:00:00,107.8000
83,Республика Хакасия,2002-10-01T00:00:00,109.4000
83,Республика Хакасия,2003-01-01T00:00:00,114.3000
83,Республика Хакасия,2003-04-01T00:00:00,102.9000
83,Республика Хакасия,2003-10-01T00:00:00,107.2000
83,Республика Хакасия,2004-01-01T00:00:00,111.4000
83,Республика Хакасия,2004-04-01T00:00:00,104.9000
83,Республика Хакасия,2004-07-01T00:00:00,106.2000
83,Республика Хакасия,2004-10-01T00:00:00,108.8000
83,Республика Хакасия,2005-01-01T00:00:00,112.8000
83,Республика Хакасия,2005-04-01T00:00:00,105.5000
83,Республика Хакасия,2005-07-01T00:00:00,106.7000
83,Республика Хакасия,2005-10-01T00:00:00,108.5000
83,Республика Хакасия,2006-01-01T00:00:00,110.2000
83,Республика Хакасия,2006-04-01T00:00:00,104.6000
10,Ростовская область,2001-01-01T00:00:00,116.1000
10,Ростовская область,2001-04-01T00:00:00,108.8000
10,Ростовская область,2001-07-01T00:00:00,117.6000
10,Ростовская область,2001-10-01T00:00:00,115.2000
10,Ростовская область,2002-01-01T00:00:00,122.3000
10,Ростовская область,2002-04-01T00:00:00,106.5000
10,Ростовская область,2002-07-01T00:00:00,112.4000
10,Ростовская область,2002-10-01T00:00:00,112.0000
10,Ростовская область,2003-01-01T00:00:00,118.5000
10,Ростовская область,2003-04-01T00:00:00,106.7600
10,Ростовская область,2003-07-01T00:00:00,110.0400
10,Ростовская область,2003-10-01T00:00:00,108.3900
10,Ростовская область,2004-01-01T00:00:00,112.1600
10,Ростовская область,2004-04-01T00:00:00,104.3100
10,Ростовская область,2004-07-01T00:00:00,108.9900
10,Ростовская область,2004-10-01T00:00:00,109.8000
10,Ростовская область,2005-01-01T00:00:00,113.8400
10,Ростовская область,2005-04-01T00:00:00,107.1500
10,Ростовская область,2005-07-01T00:00:00,112.4200
10,Ростовская область,2005-10-01T00:00:00,110.3300
10,Ростовская область,2006-01-01T00:00:00,112.8700
10,Ростовская область,2006-04-01T00:00:00,105.8100
1,Рязанская область,2001-01-01T00:00:00,118.1000
1,Рязанская область,2001-04-01T00:00:00,106.4000
1,Рязанская область,2001-07-01T00:00:00,112.8000
1,Рязанская область,2001-10-01T00:00:00,112.3000
1,Рязанская область,2002-01-01T00:00:00,119.2000
1,Рязанская область,2002-04-01T00:00:00,103.3000
1,Рязанская область,2002-07-01T00:00:00,106.0000
1,Рязанская область,2002-10-01T00:00:00,107.6000
1,Рязанская область,2003-01-01T00:00:00,112.0000
1,Рязанская область,2003-04-01T00:00:00,105.7000
1,Рязанская область,2003-07-01T00:00:00,109.3000
1,Рязанская область,2003-10-01T00:00:00,110.0000
1,Рязанская область,2004-01-01T00:00:00,114.9000
1,Рязанская область,2004-04-01T00:00:00,102.2000
1,Рязанская область,2004-10-01T00:00:00,107.0000
1,Рязанская область,2005-01-01T00:00:00,111.7000
1,Рязанская область,2005-04-01T00:00:00,104.7000
1,Рязанская область,2005-07-01T00:00:00,107.1000
1,Рязанская область,2005-10-01T00:00:00,107.5000
1,Рязанская область,2006-01-01T00:00:00,110.1000
1,Рязанская область,2006-04-01T00:00:00,105.8000
11,Самарская область,2001-01-01T00:00:00,119.9000
11,Самарская область,2001-04-01T00:00:00,106.5000
11,Самарская область,2001-07-01T00:00:00,114.0000
11,Самарская область,2001-10-01T00:00:00,112.5000
11,Самарская область,2002-01-01T00:00:00,116.7000
11,Самарская область,2002-04-01T00:00:00,105.8000
11,Самарская область,2002-07-01T00:00:00,113.9000
11,Самарская область,2002-10-01T00:00:00,112.4000
11,Самарская область,2003-01-01T00:00:00,117.2000
11,Самарская область,2003-04-01T00:00:00,105.3000
11,Самарская область,2003-07-01T00:00:00,107.2900
11,Самарская область,2003-10-01T00:00:00,107.7400
11,Самарская область,2004-01-01T00:00:00,112.7000
11,Самарская область,2004-04-01T00:00:00,104.1900
11,Самарская область,2004-07-01T00:00:00,107.5600
11,Самарская область,2004-10-01T00:00:00,109.2800
11,Самарская область,2005-01-01T00:00:00,112.7400
11,Самарская область,2005-04-01T00:00:00,105.0300
11,Самарская область,2005-07-01T00:00:00,107.7700
11,Самарская область,2005-10-01T00:00:00,108.6300
11,Самарская область,2006-01-01T00:00:00,111.4300
11,Самарская область,2006-04-01T00:00:00,104.3500
36,Саратовская область,2001-01-01T00:00:00,119.0000
36,Саратовская область,2001-04-01T00:00:00,106.0000
36,Саратовская область,2001-07-01T00:00:00,105.6000
36,Саратовская область,2001-10-01T00:00:00,111.4000
36,Саратовская область,2002-01-01T00:00:00,119.0000
36,Саратовская область,2002-04-01T00:00:00,102.0000
36,Саратовская область,2002-07-01T00:00:00,105.6000
36,Саратовская область,2002-10-01T00:00:00,107.0000
36,Саратовская область,2003-01-01T00:00:00,111.8000
36,Саратовская область,2003-04-01T00:00:00,104.0000
36,Саратовская область,2003-07-01T00:00:00,106.2000
36,Саратовская область,2003-10-01T00:00:00,106.2000
36,Саратовская область,2004-01-01T00:00:00,110.2000
36,Саратовская область,2004-04-01T00:00:00,104.2000
36,Саратовская область,2004-07-01T00:00:00,105.5000
36,Саратовская область,2004-10-01T00:00:00,107.1000
36,Саратовская область,2005-01-01T00:00:00,110.7000
36,Саратовская область,2005-04-01T00:00:00,105.2000
36,Саратовская область,2005-07-01T00:00:00,107.1000
36,Саратовская область,2005-10-01T00:00:00,106.6000
36,Саратовская область,2006-01-01T00:00:00,108.4000
36,Саратовская область,2006-04-01T00:00:00,105.4000
77,Сахалинская область,2001-01-01T00:00:00,115.6000
77,Сахалинская область,2001-04-01T00:00:00,107.0000
77,Сахалинская область,2001-07-01T00:00:00,110.7000
77,Сахалинская область,2001-10-01T00:00:00,118.4000
77,Сахалинская область,2002-01-01T00:00:00,119.4000
77,Сахалинская область,2002-04-01T00:00:00,104.3000
77,Сахалинская область,2002-07-01T00:00:00,109.4000
77,Сахалинская область,2002-10-01T00:00:00,113.3000
77,Сахалинская область,2003-01-01T00:00:00,117.6000
77,Сахалинская область,2003-04-01T00:00:00,104.5000
77,Сахалинская область,2003-07-01T00:00:00,107.9000
77,Сахалинская область,2003-10-01T00:00:00,108.7000
77,Сахалинская область,2004-01-01T00:00:00,111.8000
77,Сахалинская область,2004-04-01T00:00:00,102.6000
77,Сахалинская область,2004-07-01T00:00:00,105.3000
77,Сахалинская область,2004-10-01T00:00:00,107.9000
77,Сахалинская область,2005-01-01T00:00:00,111.5000
77,Сахалинская область,2005-04-01T00:00:00,105.5000
77,Сахалинская область,2005-07-01T00:00:00,108.6000
77,Сахалинская область,2005-10-01T00:00:00,109.8000
77,Сахалинская область,2006-01-01T00:00:00,114.1000
77,Сахалинская область,2006-04-01T00:00:00,104.4000
2,Свердловская область,2001-01-01T00:00:00,123.9000
2,Свердловская область,2001-04-01T00:00:00,109.8000
2,Свердловская область,2001-07-01T00:00:00,113.8000
2,Свердловская область,2001-10-01T00:00:00,115.2000
2,Свердловская область,2002-01-01T00:00:00,120.1000
2,Свердловская область,2002-04-01T00:00:00,105.8000
2,Свердловская область,2002-07-01T00:00:00,109.1000
2,Свердловская область,2002-10-01T00:00:00,110.2000
2,Свердловская область,2003-01-01T00:00:00,113.7000
2,Свердловская область,2003-04-01T00:00:00,106.3000
2,Свердловская область,2003-07-01T00:00:00,108.5000
2,Свердловская область,2003-10-01T00:00:00,108.1000
2,Свердловская область,2004-01-01T00:00:00,111.2000
2,Свердловская область,2004-04-01T00:00:00,103.3000
2,Свердловская область,2004-07-01T00:00:00,105.9000
2,Свердловская область,2004-10-01T00:00:00,107.7360
2,Свердловская область,2005-01-01T00:00:00,110.7700
2,Свердловская область,2005-04-01T00:00:00,105.7000
2,Свердловская область,2005-07-01T00:00:00,108.5000
2,Свердловская область,2005-10-01T00:00:00,109.7000
2,Свердловская область,2006-01-01T00:00:00,111.9000
2,Свердловская область,2006-04-01T00:00:00,111.9000
50,Смоленская область,2001-01-01T00:00:00,122.5000
50,Смоленская область,2001-04-01T00:00:00,105.9000
50,Смоленская область,2001-07-01T00:00:00,112.0000
50,Смоленская область,2001-10-01T00:00:00,112.8000
50,Смоленская область,2002-01-01T00:00:00,116.6000
50,Смоленская область,2002-04-01T00:00:00,105.2000
50,Смоленская область,2002-07-01T00:00:00,109.0000
50,Смоленская область,2002-10-01T00:00:00,109.9000
50,Смоленская область,2003-01-01T00:00:00,116.1000
50,Смоленская область,2003-04-01T00:00:00,105.3000
50,Смоленская область,2003-07-01T00:00:00,108.7000
50,Смоленская область,2003-10-01T00:00:00,109.6000
50,Смоленская область,2004-01-01T00:00:00,112.9000
50,Смоленская область,2004-04-01T00:00:00,105.4000
50,Смоленская область,2004-07-01T00:00:00,107.2000
50,Смоленская область,2004-10-01T00:00:00,109.0000
50,Смоленская область,2005-01-01T00:00:00,113.4000
50,Смоленская область,2005-04-01T00:00:00,106.0000
50,Смоленская область,2005-07-01T00:00:00,109.1000
50,Смоленская область,2005-10-01T00:00:00,109.8000
50,Смоленская область,2006-01-01T00:00:00,111.9000
50,Смоленская область,2006-04-01T00:00:00,106.1000
33,Ставропольский край,2001-01-01T00:00:00,118.8000
33,Ставропольский край,2001-04-01T00:00:00,107.6000
33,Ставропольский край,2001-07-01T00:00:00,113.5000
33,Ставропольский край,2001-10-01T00:00:00,114.8000
33,Ставропольский край,2002-01-01T00:00:00,119.8000
33,Ставропольский край,2002-04-01T00:00:00,104.9000
33,Ставропольский край,2002-07-01T00:00:00,108.8000
33,Ставропольский край,2002-10-01T00:00:00,109.9000
33,Ставропольский край,2003-01-01T00:00:00,116.2000
33,Ставропольский край,2003-04-01T00:00:00,103.2000
33,Ставропольский край,2003-07-01T00:00:00,106.9000
33,Ставропольский край,2003-10-01T00:00:00,108.8000
33,Ставропольский край,2004-01-01T00:00:00,112.9000
33,Ставропольский край,2004-04-01T00:00:00,104.2000
33,Ставропольский край,2004-07-01T00:00:00,107.1000
33,Ставропольский край,2004-10-01T00:00:00,110.3000
33,Ставропольский край,2005-01-01T00:00:00,113.9000
33,Ставропольский край,2005-04-01T00:00:00,105.8000
33,Ставропольский край,2005-07-01T00:00:00,109.0000
33,Ставропольский край,2005-10-01T00:00:00,108.4000
33,Ставропольский край,2006-01-01T00:00:00,110.5000
33,Ставропольский край,2006-04-01T00:00:00,104.4000
51,Тамбовская область,2001-01-01T00:00:00,120.3000
51,Тамбовская область,2001-04-01T00:00:00,104.8000
51,Тамбовская область,2001-07-01T00:00:00,109.5000
51,Тамбовская область,2001-10-01T00:00:00,112.5000
51,Тамбовская область,2002-01-01T00:00:00,115.5000
51,Тамбовская область,2002-04-01T00:00:00,104.6000
51,Тамбовская область,2002-07-01T00:00:00,106.1000
51,Тамбовская область,2002-10-01T00:00:00,109.9000
51,Тамбовская область,2003-01-01T00:00:00,114.3000
51,Тамбовская область,2003-04-01T00:00:00,103.6000
51,Тамбовская область,2003-07-01T00:00:00,105.7000
51,Тамбовская область,2003-10-01T00:00:00,107.2000
51,Тамбовская область,2004-01-01T00:00:00,110.5000
51,Тамбовская область,2004-04-01T00:00:00,103.6000
51,Тамбовская область,2004-07-01T00:00:00,105.4000
51,Тамбовская область,2004-10-01T00:00:00,108.5000
51,Тамбовская область,2005-01-01T00:00:00,114.4000
51,Тамбовская область,2005-04-01T00:00:00,104.4000
51,Тамбовская область,2005-07-01T00:00:00,105.9000
51,Тамбовская область,2005-10-01T00:00:00,106.8000
51,Тамбовская область,2006-01-01T00:00:00,109.8000
51,Тамбовская область,2006-04-01T00:00:00,105.3000
37,Тверская область,2001-01-01T00:00:00,121.9000
37,Тверская область,2001-04-01T00:00:00,106.7000
37,Тверская область,2001-07-01T00:00:00,113.3000
37,Тверская область,2001-10-01T00:00:00,113.1000
37,Тверская область,2002-01-01T00:00:00,119.0000
37,Тверская область,2002-04-01T00:00:00,105.3000
37,Тверская область,2002-07-01T00:00:00,107.7000
37,Тверская область,2002-10-01T00:00:00,108.6000
37,Тверская область,2003-01-01T00:00:00,115.0000
37,Тверская область,2003-04-01T00:00:00,105.2000
37,Тверская область,2003-07-01T00:00:00,109.5000
37,Тверская область,2003-10-01T00:00:00,108.5000
37,Тверская область,2004-01-01T00:00:00,112.8000
37,Тверская область,2004-04-01T00:00:00,105.0000
37,Тверская область,2004-07-01T00:00:00,107.1000
37,Тверская область,2004-10-01T00:00:00,108.3000
37,Тверская область,2005-01-01T00:00:00,111.8000
37,Тверская область,2005-04-01T00:00:00,104.9000
37,Тверская область,2005-07-01T00:00:00,109.3000
37,Тверская область,2005-10-01T00:00:00,108.8000
37,Тверская область,2006-01-01T00:00:00,110.9000
37,Тверская область,2006-04-01T00:00:00,105.4000
89,Томская область,2001-01-01T00:00:00,119.2000
89,Томская область,2001-04-01T00:00:00,112.7000
89,Томская область,2001-07-01T00:00:00,116.1000
89,Томская область,2001-10-01T00:00:00,118.4000
89,Томская область,2002-01-01T00:00:00,123.6000
89,Томская область,2002-04-01T00:00:00,105.1000
89,Томская область,2002-07-01T00:00:00,110.0000
89,Томская область,2002-10-01T00:00:00,112.2000
89,Томская область,2003-01-01T00:00:00,116.7000
89,Томская область,2003-04-01T00:00:00,106.1000
89,Томская область,2003-07-01T00:00:00,109.0000
89,Томская область,2003-10-01T00:00:00,110.7000
89,Томская область,2004-01-01T00:00:00,114.4000
89,Томская область,2004-04-01T00:00:00,103.7000
89,Томская область,2004-07-01T00:00:00,106.4000
89,Томская область,2004-10-01T00:00:00,108.7000
89,Томская область,2005-01-01T00:00:00,111.8000
89,Томская область,2005-04-01T00:00:00,104.6000
89,Томская область,2005-07-01T00:00:00,107.5000
89,Томская область,2005-10-01T00:00:00,108.9000
89,Томская область,2006-01-01T00:00:00,111.0000
89,Томская область,2006-04-01T00:00:00,104.9000
35,Тульская область,2001-01-01T00:00:00,121.7000
35,Тульская область,2001-04-01T00:00:00,105.8000
35,Тульская область,2001-07-01T00:00:00,110.4000
35,Тульская область,2001-10-01T00:00:00,112.3000
35,Тульская область,2002-01-01T00:00:00,117.2000
35,Тульская область,2002-04-01T00:00:00,104.5000
35,Тульская область,2002-07-01T00:00:00,107.2000
35,Тульская область,2002-10-01T00:00:00,110.0000
35,Тульская область,2003-01-01T00:00:00,114.9000
35,Тульская область,2003-04-01T00:00:00,107.8000
35,Тульская область,2003-07-01T00:00:00,111.0000
35,Тульская область,2003-10-01T00:00:00,112.4000
35,Тульская область,2004-01-01T00:00:00,116.7000
35,Тульская область,2004-04-01T00:00:00,105.5000
35,Тульская область,2004-07-01T00:00:00,106.6000
35,Тульская область,2004-10-01T00:00:00,109.2000
35,Тульская область,2005-01-01T00:00:00,114.1000
35,Тульская область,2005-04-01T00:00:00,105.0000
35,Тульская область,2005-07-01T00:00:00,109.5000
35,Тульская область,2005-10-01T00:00:00,108.4000
35,Тульская область,2006-01-01T00:00:00,110.8000
35,Тульская область,2006-04-01T00:00:00,105.7000
29,Тюменская область,2001-01-01T00:00:00,120.8200
29,Тюменская область,2001-04-01T00:00:00,105.7500
29,Тюменская область,2001-07-01T00:00:00,112.4100
29,Тюменская область,2001-10-01T00:00:00,115.0000
29,Тюменская область,2002-01-01T00:00:00,119.9100
29,Тюменская область,2002-07-01T00:00:00,110.3800
29,Тюменская область,2002-10-01T00:00:00,113.0700
29,Тюменская область,2003-01-01T00:00:00,115.5400
29,Тюменская область,2003-04-01T00:00:00,104.7200
29,Тюменская область,2003-07-01T00:00:00,107.2500
29,Тюменская область,2003-10-01T00:00:00,108.9300
29,Тюменская область,2004-01-01T00:00:00,110.7100
29,Тюменская область,2004-04-01T00:00:00,102.6500
29,Тюменская область,2004-07-01T00:00:00,104.5700
29,Тюменская область,2004-10-01T00:00:00,106.8700
29,Тюменская область,2005-01-01T00:00:00,109.8000
29,Тюменская область,2005-04-01T00:00:00,102.9100
29,Тюменская область,2005-07-01T00:00:00,106.6700
29,Тюменская область,2005-10-01T00:00:00,108.6300
29,Тюменская область,2006-01-01T00:00:00,111.8400
29,Тюменская область,2006-04-01T00:00:00,105.3900
34,Удмуртская Республика,2001-01-01T00:00:00,122.2000
34,Удмуртская Республика,2001-04-01T00:00:00,109.1000
34,Удмуртская Республика,2001-07-01T00:00:00,117.7000
34,Удмуртская Республика,2001-10-01T00:00:00,116.3000
34,Удмуртская Республика,2002-01-01T00:00:00,120.4000
34,Удмуртская Республика,2002-04-01T00:00:00,107.2000
34,Удмуртская Республика,2002-07-01T00:00:00,111.4000
34,Удмуртская Республика,2002-10-01T00:00:00,114.6000
34,Удмуртская Республика,2003-01-01T00:00:00,118.0000
34,Удмуртская Республика,2003-07-01T00:00:00,108.5000
34,Удмуртская Республика,2003-10-01T00:00:00,109.2000
34,Удмуртская Республика,2004-01-01T00:00:00,112.5000
34,Удмуртская Республика,2004-04-01T00:00:00,103.5000
34,Удмуртская Республика,2004-07-01T00:00:00,106.3000
34,Удмуртская Республика,2004-10-01T00:00:00,108.4000
34,Удмуртская Республика,2005-01-01T00:00:00,112.1000
34,Удмуртская Республика,2005-04-01T00:00:00,105.1000
34,Удмуртская Республика,2005-07-01T00:00:00,106.3000
34,Удмуртская Республика,2005-10-01T00:00:00,107.4000
34,Удмуртская Республика,2006-01-01T00:00:00,109.3000
72,Ульяновская область,2001-01-01T00:00:00,123.5000
72,Ульяновская область,2001-04-01T00:00:00,115.5000
72,Ульяновская область,2001-07-01T00:00:00,122.6000
72,Ульяновская область,2001-10-01T00:00:00,121.0000
72,Ульяновская область,2002-01-01T00:00:00,128.1000
72,Ульяновская область,2002-04-01T00:00:00,105.8000
72,Ульяновская область,2002-07-01T00:00:00,110.8000
72,Ульяновская область,2002-10-01T00:00:00,112.0000
72,Ульяновская область,2003-01-01T00:00:00,118.0000
72,Ульяновская область,2003-04-01T00:00:00,103.1000
72,Ульяновская область,2003-07-01T00:00:00,106.7000
72,Ульяновская область,2003-10-01T00:00:00,109.7000
72,Ульяновская область,2004-01-01T00:00:00,114.6000
72,Ульяновская область,2004-04-01T00:00:00,104.0000
72,Ульяновская область,2004-07-01T00:00:00,104.9000
72,Ульяновская область,2004-10-01T00:00:00,111.5000
72,Ульяновская область,2005-01-01T00:00:00,114.9000
72,Ульяновская область,2005-04-01T00:00:00,104.5000
72,Ульяновская область,2005-07-01T00:00:00,106.5000
72,Ульяновская область,2005-10-01T00:00:00,108.3000
72,Ульяновская область,2006-01-01T00:00:00,110.8000
72,Ульяновская область,2006-04-01T00:00:00,105.9000
3,Хабаровский край,2001-01-01T00:00:00,119.9000
3,Хабаровский край,2001-04-01T00:00:00,109.7000
3,Хабаровский край,2001-07-01T00:00:00,114.8000
3,Хабаровский край,2001-10-01T00:00:00,117.5000
3,Хабаровский край,2002-01-01T00:00:00,123.5000
3,Хабаровский край,2002-04-01T00:00:00,107.5000
3,Хабаровский край,2002-07-01T00:00:00,110.9000
3,Хабаровский край,2002-10-01T00:00:00,112.9000
3,Хабаровский край,2003-01-01T00:00:00,117.6000
3,Хабаровский край,2003-04-01T00:00:00,108.2000
3,Хабаровский край,2003-07-01T00:00:00,109.8000
3,Хабаровский край,2003-10-01T00:00:00,110.5000
3,Хабаровский край,2004-01-01T00:00:00,115.3000
3,Хабаровский край,2004-04-01T00:00:00,104.9000
3,Хабаровский край,2004-07-01T00:00:00,108.7000
3,Хабаровский край,2004-10-01T00:00:00,110.1000
3,Хабаровский край,2005-01-01T00:00:00,113.8000
3,Хабаровский край,2005-04-01T00:00:00,105.7000
3,Хабаровский край,2005-07-01T00:00:00,109.3000
3,Хабаровский край,2005-10-01T00:00:00,110.9000
3,Хабаровский край,2006-01-01T00:00:00,113.6000
3,Хабаровский край,2006-04-01T00:00:00,104.4000
21,Челябинская область,2001-01-01T00:00:00,123.1000
21,Челябинская область,2001-04-01T00:00:00,113.0000
21,Челябинская область,2001-07-01T00:00:00,117.8000
21,Челябинская область,2001-10-01T00:00:00,119.7000
21,Челябинская область,2002-01-01T00:00:00,124.8000
21,Челябинская область,2002-04-01T00:00:00,103.5000
21,Челябинская область,2002-07-01T00:00:00,107.2000
21,Челябинская область,2002-10-01T00:00:00,109.0000
21,Челябинская область,2003-01-01T00:00:00,112.0000
21,Челябинская область,2003-04-01T00:00:00,105.3000
21,Челябинская область,2003-07-01T00:00:00,106.5000
21,Челябинская область,2003-10-01T00:00:00,107.1000
21,Челябинская область,2004-01-01T00:00:00,110.6000
21,Челябинская область,2004-04-01T00:00:00,105.3000
21,Челябинская область,2004-07-01T00:00:00,106.3000
21,Челябинская область,2004-10-01T00:00:00,109.5000
21,Челябинская область,2005-01-01T00:00:00,111.8000
21,Челябинская область,2005-04-01T00:00:00,104.5000
21,Челябинская область,2005-07-01T00:00:00,107.4000
21,Челябинская область,2005-10-01T00:00:00,110.1000
21,Челябинская область,2006-01-01T00:00:00,111.7000
21,Челябинская область,2006-04-01T00:00:00,105.5000
68,Чувашская Республика,2001-01-01T00:00:00,126.2000
68,Чувашская Республика,2001-04-01T00:00:00,106.1000
68,Чувашская Республика,2001-07-01T00:00:00,111.4000
68,Чувашская Республика,2001-10-01T00:00:00,115.2000
68,Чувашская Республика,2002-01-01T00:00:00,119.1000
68,Чувашская Республика,2002-04-01T00:00:00,104.5000
68,Чувашская Республика,2002-07-01T00:00:00,111.4000
68,Чувашская Республика,2003-01-01T00:00:00,117.3000
68,Чувашская Республика,2003-07-01T00:00:00,107.3000
68,Чувашская Республика,2003-10-01T00:00:00,108.2000
68,Чувашская Республика,2004-01-01T00:00:00,113.3000
68,Чувашская Республика,2004-04-01T00:00:00,103.7000
68,Чувашская Республика,2004-07-01T00:00:00,105.5000
68,Чувашская Республика,2005-04-01T00:00:00,104.9000
68,Чувашская Республика,2005-07-01T00:00:00,106.2000
68,Чувашская Республика,2005-10-01T00:00:00,106.0000
68,Чувашская Республика,2006-01-01T00:00:00,107.5000
68,Чувашская Республика,2006-04-01T00:00:00,105.7700
68,Чувашская Республика,2005-01-01T00:00:00,110.7000
68,Чувашская Республика,2004-10-01T00:00:00,106.9000
68,Чувашская Республика,2003-04-01T00:00:00,104.4000
68,Чувашская Республика,2002-10-01T00:00:00,113.1000
98,Чукотский автономный округ,2001-01-01T00:00:00,119.7000
98,Чукотский автономный округ,2001-04-01T00:00:00,104.0000
98,Чукотский автономный округ,2001-07-01T00:00:00,106.5000
98,Чукотский автономный округ,2001-10-01T00:00:00,103.7000
98,Чукотский автономный округ,2002-01-01T00:00:00,110.5000
98,Чукотский автономный округ,2002-04-01T00:00:00,114.7000
98,Чукотский автономный округ,2002-07-01T00:00:00,119.6000
98,Чукотский автономный округ,2003-01-01T00:00:00,130.4900
98,Чукотский автономный округ,2003-10-01T00:00:00,111.7000
98,Чукотский автономный округ,2004-04-01T00:00:00,106.4600
98,Чукотский автономный округ,2004-07-01T00:00:00,116.0200
98,Чукотский автономный округ,2005-04-01T00:00:00,106.5800
98,Чукотский автономный округ,2006-04-01T00:00:00,104.8100
98,Чукотский автономный округ,2005-01-01T00:00:00,111.1300
98,Чукотский автономный округ,2003-07-01T00:00:00,117.9600
98,Чукотский автономный округ,2002-10-01T00:00:00,133.2000
98,Чукотский автономный округ,2005-07-01T00:00:00,111.5600
98,Чукотский автономный округ,2003-04-01T00:00:00,127.8400
98,Чукотский автономный округ,2004-10-01T00:00:00,105.9200
25,Ярославская область,2001-01-01T00:00:00,120.1000
25,Ярославская область,2001-04-01T00:00:00,108.1000
25,Ярославская область,2001-07-01T00:00:00,114.1000
25,Ярославская область,2001-10-01T00:00:00,116.2000
25,Ярославская область,2002-01-01T00:00:00,120.8000
25,Ярославская область,2002-04-01T00:00:00,106.3000
25,Ярославская область,2002-07-01T00:00:00,108.6000
25,Ярославская область,2003-01-01T00:00:00,116.1000
25,Ярославская область,2003-07-01T00:00:00,111.0000
25,Ярославская область,2003-10-01T00:00:00,107.2000
25,Ярославская область,2004-04-01T00:00:00,103.8000
25,Ярославская область,2004-07-01T00:00:00,107.5000
25,Ярославская область,2004-10-01T00:00:00,107.5000
25,Ярославская область,2005-01-01T00:00:00,111.7000
25,Ярославская область,2005-04-01T00:00:00,106.6000
25,Ярославская область,2005-07-01T00:00:00,109.3000
25,Ярославская область,2005-10-01T00:00:00,109.3000
25,Ярославская область,2006-01-01T00:00:00,109.6000
25,Ярославская область,2006-04-01T00:00:00,105.6000
25,Ярославская область,2004-01-01T00:00:00,111.9000
25,Ярославская область,2003-04-01T00:00:00,104.9000
25,Ярославская область,2002-10-01T00:00:00,111.0000
